model,sample_id,source_filename,source_path,lowres_cache,run_label,training_seed
ddpm_v5,0000,ddpm_v5_0000.nii.gz,/users/tdd540/Capstone_Project/evaluation_200/ddpm_v5/ddpm_v5_0000.nii.gz,/users/tdd540/Capstone_Project/downstream_cache/synthetic_lowres/ddpm_v5/0000.npz,v2,2027
ddpm_v5,0001,ddpm_v5_0001.nii.gz,/users/tdd540/Capstone_Project/evaluation_200/ddpm_v5/ddpm_v5_0001.nii.gz,/users/tdd540/Capstone_Project/downstream_cache/synthetic_lowres/ddpm_v5/0001.npz,v2,2027
ddpm_v5,0002,ddpm_v5_0002.nii.gz,/users/tdd540/Capstone_Project/evaluation_200/ddpm_v5/ddpm_v5_0002.nii.gz,/users/tdd540/Capstone_Project/downstream_cache/synthetic_lowres/ddpm_v5/0002.npz,v2,2027
ddpm_v5,0003,ddpm_v5_0003.nii.gz,/users/tdd540/Capstone_Project/evaluation_200/ddpm_v5/ddpm_v5_0003.nii.gz,/users/tdd540/Capstone_Project/downstream_cache/synthetic_lowres/ddpm_v5/0003.npz,v2,2027
ddpm_v5,0004,ddpm_v5_0004.nii.gz,/users/tdd540/Capstone_Project/evaluation_200/ddpm_v5/ddpm_v5_0004.nii.gz,/users/tdd540/Capstone_Project/downstream_cache/synthetic_lowres/ddpm_v5/0004.npz,v2,2027
ddpm_v5,0005,ddpm_v5_0005.nii.gz,/users/tdd540/Capstone_Project/evaluation_200/ddpm_v5/ddpm_v5_0005.nii.gz,/users/tdd540/Capstone_Project/downstream_cache/synthetic_lowres/ddpm_v5/0005.npz,v2,2027
ddpm_v5,0006,ddpm_v5_0006.nii.gz,/users/tdd540/Capstone_Project/evaluation_200/ddpm_v5/ddpm_v5_0006.nii.gz,/users/tdd540/Capstone_Project/downstream_cache/synthetic_lowres/ddpm_v5/0006.npz,v2,2027
ddpm_v5,0007,ddpm_v5_0007.nii.gz,/users/tdd540/Capstone_Project/evaluation_200/ddpm_v5/ddpm_v5_0007.nii.gz,/users/tdd540/Capstone_Project/downstream_cache/synthetic_lowres/ddpm_v5/0007.npz,v2,2027
ddpm_v5,0008,ddpm_v5_0008.nii.gz,/users/tdd540/Capstone_Project/evaluation_200/ddpm_v5/ddpm_v5_0008.nii.gz,/users/tdd540/Capstone_Project/downstream_cache/synthetic_lowres/ddpm_v5/0008.npz,v2,2027
ddpm_v5,0009,ddpm_v5_0009.nii.gz,/users/tdd540/Capstone_Project/evaluation_200/ddpm_v5/ddpm_v5_0009.nii.gz,/users/tdd540/Capstone_Project/downstream_cache/synthetic_lowres/ddpm_v5/0009.npz,v2,2027
ddpm_v5,0010,ddpm_v5_0010.nii.gz,/users/tdd540/Capstone_Project/evaluation_200/ddpm_v5/ddpm_v5_0010.nii.gz,/users/tdd540/Capstone_Project/downstream_cache/synthetic_lowres/ddpm_v5/0010.npz,v2,2027
ddpm_v5,0011,ddpm_v5_0011.nii.gz,/users/tdd540/Capstone_Project/evaluation_200/ddpm_v5/ddpm_v5_0011.nii.gz,/users/tdd540/Capstone_Project/downstream_cache/synthetic_lowres/ddpm_v5/0011.npz,v2,2027
ddpm_v5,0012,ddpm_v5_0012.nii.gz,/users/tdd540/Capstone_Project/evaluation_200/ddpm_v5/ddpm_v5_0012.nii.gz,/users/tdd540/Capstone_Project/downstream_cache/synthetic_lowres/ddpm_v5/0012.npz,v2,2027
ddpm_v5,0013,ddpm_v5_0013.nii.gz,/users/tdd540/Capstone_Project/evaluation_200/ddpm_v5/ddpm_v5_0013.nii.gz,/users/tdd540/Capstone_Project/downstream_cache/synthetic_lowres/ddpm_v5/0013.npz,v2,2027
ddpm_v5,0014,ddpm_v5_0014.nii.gz,/users/tdd540/Capstone_Project/evaluation_200/ddpm_v5/ddpm_v5_0014.nii.gz,/users/tdd540/Capstone_Project/downstream_cache/synthetic_lowres/ddpm_v5/0014.npz,v2,2027
ddpm_v5,0015,ddpm_v5_0015.nii.gz,/users/tdd540/Capstone_Project/evaluation_200/ddpm_v5/ddpm_v5_0015.nii.gz,/users/tdd540/Capstone_Project/downstream_cache/synthetic_lowres/ddpm_v5/0015.npz,v2,2027
ddpm_v5,0016,ddpm_v5_0016.nii.gz,/users/tdd540/Capstone_Project/evaluation_200/ddpm_v5/ddpm_v5_0016.nii.gz,/users/tdd540/Capstone_Project/downstream_cache/synthetic_lowres/ddpm_v5/0016.npz,v2,2027
ddpm_v5,0017,ddpm_v5_0017.nii.gz,/users/tdd540/Capstone_Project/evaluation_200/ddpm_v5/ddpm_v5_0017.nii.gz,/users/tdd540/Capstone_Project/downstream_cache/synthetic_lowres/ddpm_v5/0017.npz,v2,2027
ddpm_v5,0018,ddpm_v5_0018.nii.gz,/users/tdd540/Capstone_Project/evaluation_200/ddpm_v5/ddpm_v5_0018.nii.gz,/users/tdd540/Capstone_Project/downstream_cache/synthetic_lowres/ddpm_v5/0018.npz,v2,2027
ddpm_v5,0019,ddpm_v5_0019.nii.gz,/users/tdd540/Capstone_Project/evaluation_200/ddpm_v5/ddpm_v5_0019.nii.gz,/users/tdd540/Capstone_Project/downstream_cache/synthetic_lowres/ddpm_v5/0019.npz,v2,2027
ddpm_v5,0020,ddpm_v5_0020.nii.gz,/users/tdd540/Capstone_Project/evaluation_200/ddpm_v5/ddpm_v5_0020.nii.gz,/users/tdd540/Capstone_Project/downstream_cache/synthetic_lowres/ddpm_v5/0020.npz,v2,2027
ddpm_v5,0021,ddpm_v5_0021.nii.gz,/users/tdd540/Capstone_Project/evaluation_200/ddpm_v5/ddpm_v5_0021.nii.gz,/users/tdd540/Capstone_Project/downstream_cache/synthetic_lowres/ddpm_v5/0021.npz,v2,2027
ddpm_v5,0022,ddpm_v5_0022.nii.gz,/users/tdd540/Capstone_Project/evaluation_200/ddpm_v5/ddpm_v5_0022.nii.gz,/users/tdd540/Capstone_Project/downstream_cache/synthetic_lowres/ddpm_v5/0022.npz,v2,2027
ddpm_v5,0023,ddpm_v5_0023.nii.gz,/users/tdd540/Capstone_Project/evaluation_200/ddpm_v5/ddpm_v5_0023.nii.gz,/users/tdd540/Capstone_Project/downstream_cache/synthetic_lowres/ddpm_v5/0023.npz,v2,2027
ddpm_v5,0024,ddpm_v5_0024.nii.gz,/users/tdd540/Capstone_Project/evaluation_200/ddpm_v5/ddpm_v5_0024.nii.gz,/users/tdd540/Capstone_Project/downstream_cache/synthetic_lowres/ddpm_v5/0024.npz,v2,2027
ddpm_v5,0025,ddpm_v5_0025.nii.gz,/users/tdd540/Capstone_Project/evaluation_200/ddpm_v5/ddpm_v5_0025.nii.gz,/users/tdd540/Capstone_Project/downstream_cache/synthetic_lowres/ddpm_v5/0025.npz,v2,2027
ddpm_v5,0026,ddpm_v5_0026.nii.gz,/users/tdd540/Capstone_Project/evaluation_200/ddpm_v5/ddpm_v5_0026.nii.gz,/users/tdd540/Capstone_Project/downstream_cache/synthetic_lowres/ddpm_v5/0026.npz,v2,2027
ddpm_v5,0027,ddpm_v5_0027.nii.gz,/users/tdd540/Capstone_Project/evaluation_200/ddpm_v5/ddpm_v5_0027.nii.gz,/users/tdd540/Capstone_Project/downstream_cache/synthetic_lowres/ddpm_v5/0027.npz,v2,2027
ddpm_v5,0028,ddpm_v5_0028.nii.gz,/users/tdd540/Capstone_Project/evaluation_200/ddpm_v5/ddpm_v5_0028.nii.gz,/users/tdd540/Capstone_Project/downstream_cache/synthetic_lowres/ddpm_v5/0028.npz,v2,2027
ddpm_v5,0029,ddpm_v5_0029.nii.gz,/users/tdd540/Capstone_Project/evaluation_200/ddpm_v5/ddpm_v5_0029.nii.gz,/users/tdd540/Capstone_Project/downstream_cache/synthetic_lowres/ddpm_v5/0029.npz,v2,2027
ddpm_v5,0030,ddpm_v5_0030.nii.gz,/users/tdd540/Capstone_Project/evaluation_200/ddpm_v5/ddpm_v5_0030.nii.gz,/users/tdd540/Capstone_Project/downstream_cache/synthetic_lowres/ddpm_v5/0030.npz,v2,2027
ddpm_v5,0031,ddpm_v5_0031.nii.gz,/users/tdd540/Capstone_Project/evaluation_200/ddpm_v5/ddpm_v5_0031.nii.gz,/users/tdd540/Capstone_Project/downstream_cache/synthetic_lowres/ddpm_v5/0031.npz,v2,2027
ddpm_v5,0032,ddpm_v5_0032.nii.gz,/users/tdd540/Capstone_Project/evaluation_200/ddpm_v5/ddpm_v5_0032.nii.gz,/users/tdd540/Capstone_Project/downstream_cache/synthetic_lowres/ddpm_v5/0032.npz,v2,2027
ddpm_v5,0033,ddpm_v5_0033.nii.gz,/users/tdd540/Capstone_Project/evaluation_200/ddpm_v5/ddpm_v5_0033.nii.gz,/users/tdd540/Capstone_Project/downstream_cache/synthetic_lowres/ddpm_v5/0033.npz,v2,2027
ddpm_v5,0034,ddpm_v5_0034.nii.gz,/users/tdd540/Capstone_Project/evaluation_200/ddpm_v5/ddpm_v5_0034.nii.gz,/users/tdd540/Capstone_Project/downstream_cache/synthetic_lowres/ddpm_v5/0034.npz,v2,2027
ddpm_v5,0035,ddpm_v5_0035.nii.gz,/users/tdd540/Capstone_Project/evaluation_200/ddpm_v5/ddpm_v5_0035.nii.gz,/users/tdd540/Capstone_Project/downstream_cache/synthetic_lowres/ddpm_v5/0035.npz,v2,2027
ddpm_v5,0036,ddpm_v5_0036.nii.gz,/users/tdd540/Capstone_Project/evaluation_200/ddpm_v5/ddpm_v5_0036.nii.gz,/users/tdd540/Capstone_Project/downstream_cache/synthetic_lowres/ddpm_v5/0036.npz,v2,2027
ddpm_v5,0037,ddpm_v5_0037.nii.gz,/users/tdd540/Capstone_Project/evaluation_200/ddpm_v5/ddpm_v5_0037.nii.gz,/users/tdd540/Capstone_Project/downstream_cache/synthetic_lowres/ddpm_v5/0037.npz,v2,2027
ddpm_v5,0038,ddpm_v5_0038.nii.gz,/users/tdd540/Capstone_Project/evaluation_200/ddpm_v5/ddpm_v5_0038.nii.gz,/users/tdd540/Capstone_Project/downstream_cache/synthetic_lowres/ddpm_v5/0038.npz,v2,2027
ddpm_v5,0039,ddpm_v5_0039.nii.gz,/users/tdd540/Capstone_Project/evaluation_200/ddpm_v5/ddpm_v5_0039.nii.gz,/users/tdd540/Capstone_Project/downstream_cache/synthetic_lowres/ddpm_v5/0039.npz,v2,2027
ddpm_v5,0040,ddpm_v5_0040.nii.gz,/users/tdd540/Capstone_Project/evaluation_200/ddpm_v5/ddpm_v5_0040.nii.gz,/users/tdd540/Capstone_Project/downstream_cache/synthetic_lowres/ddpm_v5/0040.npz,v2,2027
ddpm_v5,0041,ddpm_v5_0041.nii.gz,/users/tdd540/Capstone_Project/evaluation_200/ddpm_v5/ddpm_v5_0041.nii.gz,/users/tdd540/Capstone_Project/downstream_cache/synthetic_lowres/ddpm_v5/0041.npz,v2,2027
ddpm_v5,0042,ddpm_v5_0042.nii.gz,/users/tdd540/Capstone_Project/evaluation_200/ddpm_v5/ddpm_v5_0042.nii.gz,/users/tdd540/Capstone_Project/downstream_cache/synthetic_lowres/ddpm_v5/0042.npz,v2,2027
ddpm_v5,0043,ddpm_v5_0043.nii.gz,/users/tdd540/Capstone_Project/evaluation_200/ddpm_v5/ddpm_v5_0043.nii.gz,/users/tdd540/Capstone_Project/downstream_cache/synthetic_lowres/ddpm_v5/0043.npz,v2,2027
ddpm_v5,0044,ddpm_v5_0044.nii.gz,/users/tdd540/Capstone_Project/evaluation_200/ddpm_v5/ddpm_v5_0044.nii.gz,/users/tdd540/Capstone_Project/downstream_cache/synthetic_lowres/ddpm_v5/0044.npz,v2,2027
ddpm_v5,0045,ddpm_v5_0045.nii.gz,/users/tdd540/Capstone_Project/evaluation_200/ddpm_v5/ddpm_v5_0045.nii.gz,/users/tdd540/Capstone_Project/downstream_cache/synthetic_lowres/ddpm_v5/0045.npz,v2,2027
ddpm_v5,0046,ddpm_v5_0046.nii.gz,/users/tdd540/Capstone_Project/evaluation_200/ddpm_v5/ddpm_v5_0046.nii.gz,/users/tdd540/Capstone_Project/downstream_cache/synthetic_lowres/ddpm_v5/0046.npz,v2,2027
ddpm_v5,0047,ddpm_v5_0047.nii.gz,/users/tdd540/Capstone_Project/evaluation_200/ddpm_v5/ddpm_v5_0047.nii.gz,/users/tdd540/Capstone_Project/downstream_cache/synthetic_lowres/ddpm_v5/0047.npz,v2,2027
ddpm_v5,0048,ddpm_v5_0048.nii.gz,/users/tdd540/Capstone_Project/evaluation_200/ddpm_v5/ddpm_v5_0048.nii.gz,/users/tdd540/Capstone_Project/downstream_cache/synthetic_lowres/ddpm_v5/0048.npz,v2,2027
ddpm_v5,0049,ddpm_v5_0049.nii.gz,/users/tdd540/Capstone_Project/evaluation_200/ddpm_v5/ddpm_v5_0049.nii.gz,/users/tdd540/Capstone_Project/downstream_cache/synthetic_lowres/ddpm_v5/0049.npz,v2,2027
ddpm_v5,0050,ddpm_v5_0050.nii.gz,/users/tdd540/Capstone_Project/evaluation_200/ddpm_v5/ddpm_v5_0050.nii.gz,/users/tdd540/Capstone_Project/downstream_cache/synthetic_lowres/ddpm_v5/0050.npz,v2,2027
ddpm_v5,0051,ddpm_v5_0051.nii.gz,/users/tdd540/Capstone_Project/evaluation_200/ddpm_v5/ddpm_v5_0051.nii.gz,/users/tdd540/Capstone_Project/downstream_cache/synthetic_lowres/ddpm_v5/0051.npz,v2,2027
ddpm_v5,0052,ddpm_v5_0052.nii.gz,/users/tdd540/Capstone_Project/evaluation_200/ddpm_v5/ddpm_v5_0052.nii.gz,/users/tdd540/Capstone_Project/downstream_cache/synthetic_lowres/ddpm_v5/0052.npz,v2,2027
ddpm_v5,0053,ddpm_v5_0053.nii.gz,/users/tdd540/Capstone_Project/evaluation_200/ddpm_v5/ddpm_v5_0053.nii.gz,/users/tdd540/Capstone_Project/downstream_cache/synthetic_lowres/ddpm_v5/0053.npz,v2,2027
ddpm_v5,0054,ddpm_v5_0054.nii.gz,/users/tdd540/Capstone_Project/evaluation_200/ddpm_v5/ddpm_v5_0054.nii.gz,/users/tdd540/Capstone_Project/downstream_cache/synthetic_lowres/ddpm_v5/0054.npz,v2,2027
ddpm_v5,0055,ddpm_v5_0055.nii.gz,/users/tdd540/Capstone_Project/evaluation_200/ddpm_v5/ddpm_v5_0055.nii.gz,/users/tdd540/Capstone_Project/downstream_cache/synthetic_lowres/ddpm_v5/0055.npz,v2,2027
ddpm_v5,0056,ddpm_v5_0056.nii.gz,/users/tdd540/Capstone_Project/evaluation_200/ddpm_v5/ddpm_v5_0056.nii.gz,/users/tdd540/Capstone_Project/downstream_cache/synthetic_lowres/ddpm_v5/0056.npz,v2,2027
ddpm_v5,0057,ddpm_v5_0057.nii.gz,/users/tdd540/Capstone_Project/evaluation_200/ddpm_v5/ddpm_v5_0057.nii.gz,/users/tdd540/Capstone_Project/downstream_cache/synthetic_lowres/ddpm_v5/0057.npz,v2,2027
ddpm_v5,0058,ddpm_v5_0058.nii.gz,/users/tdd540/Capstone_Project/evaluation_200/ddpm_v5/ddpm_v5_0058.nii.gz,/users/tdd540/Capstone_Project/downstream_cache/synthetic_lowres/ddpm_v5/0058.npz,v2,2027
ddpm_v5,0059,ddpm_v5_0059.nii.gz,/users/tdd540/Capstone_Project/evaluation_200/ddpm_v5/ddpm_v5_0059.nii.gz,/users/tdd540/Capstone_Project/downstream_cache/synthetic_lowres/ddpm_v5/0059.npz,v2,2027
ddpm_v5,0060,ddpm_v5_0060.nii.gz,/users/tdd540/Capstone_Project/evaluation_200/ddpm_v5/ddpm_v5_0060.nii.gz,/users/tdd540/Capstone_Project/downstream_cache/synthetic_lowres/ddpm_v5/0060.npz,v2,2027
ddpm_v5,0061,ddpm_v5_0061.nii.gz,/users/tdd540/Capstone_Project/evaluation_200/ddpm_v5/ddpm_v5_0061.nii.gz,/users/tdd540/Capstone_Project/downstream_cache/synthetic_lowres/ddpm_v5/0061.npz,v2,2027
ddpm_v5,0062,ddpm_v5_0062.nii.gz,/users/tdd540/Capstone_Project/evaluation_200/ddpm_v5/ddpm_v5_0062.nii.gz,/users/tdd540/Capstone_Project/downstream_cache/synthetic_lowres/ddpm_v5/0062.npz,v2,2027
ddpm_v5,0063,ddpm_v5_0063.nii.gz,/users/tdd540/Capstone_Project/evaluation_200/ddpm_v5/ddpm_v5_0063.nii.gz,/users/tdd540/Capstone_Project/downstream_cache/synthetic_lowres/ddpm_v5/0063.npz,v2,2027
ddpm_v5,0064,ddpm_v5_0064.nii.gz,/users/tdd540/Capstone_Project/evaluation_200/ddpm_v5/ddpm_v5_0064.nii.gz,/users/tdd540/Capstone_Project/downstream_cache/synthetic_lowres/ddpm_v5/0064.npz,v2,2027
ddpm_v5,0065,ddpm_v5_0065.nii.gz,/users/tdd540/Capstone_Project/evaluation_200/ddpm_v5/ddpm_v5_0065.nii.gz,/users/tdd540/Capstone_Project/downstream_cache/synthetic_lowres/ddpm_v5/0065.npz,v2,2027
ddpm_v5,0066,ddpm_v5_0066.nii.gz,/users/tdd540/Capstone_Project/evaluation_200/ddpm_v5/ddpm_v5_0066.nii.gz,/users/tdd540/Capstone_Project/downstream_cache/synthetic_lowres/ddpm_v5/0066.npz,v2,2027
ddpm_v5,0067,ddpm_v5_0067.nii.gz,/users/tdd540/Capstone_Project/evaluation_200/ddpm_v5/ddpm_v5_0067.nii.gz,/users/tdd540/Capstone_Project/downstream_cache/synthetic_lowres/ddpm_v5/0067.npz,v2,2027
ddpm_v5,0068,ddpm_v5_0068.nii.gz,/users/tdd540/Capstone_Project/evaluation_200/ddpm_v5/ddpm_v5_0068.nii.gz,/users/tdd540/Capstone_Project/downstream_cache/synthetic_lowres/ddpm_v5/0068.npz,v2,2027
ddpm_v5,0069,ddpm_v5_0069.nii.gz,/users/tdd540/Capstone_Project/evaluation_200/ddpm_v5/ddpm_v5_0069.nii.gz,/users/tdd540/Capstone_Project/downstream_cache/synthetic_lowres/ddpm_v5/0069.npz,v2,2027
ddpm_v5,0070,ddpm_v5_0070.nii.gz,/users/tdd540/Capstone_Project/evaluation_200/ddpm_v5/ddpm_v5_0070.nii.gz,/users/tdd540/Capstone_Project/downstream_cache/synthetic_lowres/ddpm_v5/0070.npz,v2,2027
ddpm_v5,0071,ddpm_v5_0071.nii.gz,/users/tdd540/Capstone_Project/evaluation_200/ddpm_v5/ddpm_v5_0071.nii.gz,/users/tdd540/Capstone_Project/downstream_cache/synthetic_lowres/ddpm_v5/0071.npz,v2,2027
ddpm_v5,0072,ddpm_v5_0072.nii.gz,/users/tdd540/Capstone_Project/evaluation_200/ddpm_v5/ddpm_v5_0072.nii.gz,/users/tdd540/Capstone_Project/downstream_cache/synthetic_lowres/ddpm_v5/0072.npz,v2,2027
ddpm_v5,0073,ddpm_v5_0073.nii.gz,/users/tdd540/Capstone_Project/evaluation_200/ddpm_v5/ddpm_v5_0073.nii.gz,/users/tdd540/Capstone_Project/downstream_cache/synthetic_lowres/ddpm_v5/0073.npz,v2,2027
ddpm_v5,0074,ddpm_v5_0074.nii.gz,/users/tdd540/Capstone_Project/evaluation_200/ddpm_v5/ddpm_v5_0074.nii.gz,/users/tdd540/Capstone_Project/downstream_cache/synthetic_lowres/ddpm_v5/0074.npz,v2,2027
ddpm_v5,0075,ddpm_v5_0075.nii.gz,/users/tdd540/Capstone_Project/evaluation_200/ddpm_v5/ddpm_v5_0075.nii.gz,/users/tdd540/Capstone_Project/downstream_cache/synthetic_lowres/ddpm_v5/0075.npz,v2,2027
ddpm_v5,0076,ddpm_v5_0076.nii.gz,/users/tdd540/Capstone_Project/evaluation_200/ddpm_v5/ddpm_v5_0076.nii.gz,/users/tdd540/Capstone_Project/downstream_cache/synthetic_lowres/ddpm_v5/0076.npz,v2,2027
ddpm_v5,0077,ddpm_v5_0077.nii.gz,/users/tdd540/Capstone_Project/evaluation_200/ddpm_v5/ddpm_v5_0077.nii.gz,/users/tdd540/Capstone_Project/downstream_cache/synthetic_lowres/ddpm_v5/0077.npz,v2,2027
ddpm_v5,0078,ddpm_v5_0078.nii.gz,/users/tdd540/Capstone_Project/evaluation_200/ddpm_v5/ddpm_v5_0078.nii.gz,/users/tdd540/Capstone_Project/downstream_cache/synthetic_lowres/ddpm_v5/0078.npz,v2,2027
ddpm_v5,0079,ddpm_v5_0079.nii.gz,/users/tdd540/Capstone_Project/evaluation_200/ddpm_v5/ddpm_v5_0079.nii.gz,/users/tdd540/Capstone_Project/downstream_cache/synthetic_lowres/ddpm_v5/0079.npz,v2,2027
ddpm_v5,0080,ddpm_v5_0080.nii.gz,/users/tdd540/Capstone_Project/evaluation_200/ddpm_v5/ddpm_v5_0080.nii.gz,/users/tdd540/Capstone_Project/downstream_cache/synthetic_lowres/ddpm_v5/0080.npz,v2,2027
ddpm_v5,0081,ddpm_v5_0081.nii.gz,/users/tdd540/Capstone_Project/evaluation_200/ddpm_v5/ddpm_v5_0081.nii.gz,/users/tdd540/Capstone_Project/downstream_cache/synthetic_lowres/ddpm_v5/0081.npz,v2,2027
ddpm_v5,0082,ddpm_v5_0082.nii.gz,/users/tdd540/Capstone_Project/evaluation_200/ddpm_v5/ddpm_v5_0082.nii.gz,/users/tdd540/Capstone_Project/downstream_cache/synthetic_lowres/ddpm_v5/0082.npz,v2,2027
ddpm_v5,0083,ddpm_v5_0083.nii.gz,/users/tdd540/Capstone_Project/evaluation_200/ddpm_v5/ddpm_v5_0083.nii.gz,/users/tdd540/Capstone_Project/downstream_cache/synthetic_lowres/ddpm_v5/0083.npz,v2,2027
ddpm_v5,0084,ddpm_v5_0084.nii.gz,/users/tdd540/Capstone_Project/evaluation_200/ddpm_v5/ddpm_v5_0084.nii.gz,/users/tdd540/Capstone_Project/downstream_cache/synthetic_lowres/ddpm_v5/0084.npz,v2,2027
ddpm_v5,0085,ddpm_v5_0085.nii.gz,/users/tdd540/Capstone_Project/evaluation_200/ddpm_v5/ddpm_v5_0085.nii.gz,/users/tdd540/Capstone_Project/downstream_cache/synthetic_lowres/ddpm_v5/0085.npz,v2,2027
ddpm_v5,0086,ddpm_v5_0086.nii.gz,/users/tdd540/Capstone_Project/evaluation_200/ddpm_v5/ddpm_v5_0086.nii.gz,/users/tdd540/Capstone_Project/downstream_cache/synthetic_lowres/ddpm_v5/0086.npz,v2,2027
ddpm_v5,0087,ddpm_v5_0087.nii.gz,/users/tdd540/Capstone_Project/evaluation_200/ddpm_v5/ddpm_v5_0087.nii.gz,/users/tdd540/Capstone_Project/downstream_cache/synthetic_lowres/ddpm_v5/0087.npz,v2,2027
ddpm_v5,0088,ddpm_v5_0088.nii.gz,/users/tdd540/Capstone_Project/evaluation_200/ddpm_v5/ddpm_v5_0088.nii.gz,/users/tdd540/Capstone_Project/downstream_cache/synthetic_lowres/ddpm_v5/0088.npz,v2,2027
ddpm_v5,0089,ddpm_v5_0089.nii.gz,/users/tdd540/Capstone_Project/evaluation_200/ddpm_v5/ddpm_v5_0089.nii.gz,/users/tdd540/Capstone_Project/downstream_cache/synthetic_lowres/ddpm_v5/0089.npz,v2,2027
ddpm_v5,0090,ddpm_v5_0090.nii.gz,/users/tdd540/Capstone_Project/evaluation_200/ddpm_v5/ddpm_v5_0090.nii.gz,/users/tdd540/Capstone_Project/downstream_cache/synthetic_lowres/ddpm_v5/0090.npz,v2,2027
ddpm_v5,0091,ddpm_v5_0091.nii.gz,/users/tdd540/Capstone_Project/evaluation_200/ddpm_v5/ddpm_v5_0091.nii.gz,/users/tdd540/Capstone_Project/downstream_cache/synthetic_lowres/ddpm_v5/0091.npz,v2,2027
ddpm_v5,0092,ddpm_v5_0092.nii.gz,/users/tdd540/Capstone_Project/evaluation_200/ddpm_v5/ddpm_v5_0092.nii.gz,/users/tdd540/Capstone_Project/downstream_cache/synthetic_lowres/ddpm_v5/0092.npz,v2,2027
ddpm_v5,0093,ddpm_v5_0093.nii.gz,/users/tdd540/Capstone_Project/evaluation_200/ddpm_v5/ddpm_v5_0093.nii.gz,/users/tdd540/Capstone_Project/downstream_cache/synthetic_lowres/ddpm_v5/0093.npz,v2,2027
ddpm_v5,0094,ddpm_v5_0094.nii.gz,/users/tdd540/Capstone_Project/evaluation_200/ddpm_v5/ddpm_v5_0094.nii.gz,/users/tdd540/Capstone_Project/downstream_cache/synthetic_lowres/ddpm_v5/0094.npz,v2,2027
ddpm_v5,0095,ddpm_v5_0095.nii.gz,/users/tdd540/Capstone_Project/evaluation_200/ddpm_v5/ddpm_v5_0095.nii.gz,/users/tdd540/Capstone_Project/downstream_cache/synthetic_lowres/ddpm_v5/0095.npz,v2,2027
ddpm_v5,0096,ddpm_v5_0096.nii.gz,/users/tdd540/Capstone_Project/evaluation_200/ddpm_v5/ddpm_v5_0096.nii.gz,/users/tdd540/Capstone_Project/downstream_cache/synthetic_lowres/ddpm_v5/0096.npz,v2,2027
ddpm_v5,0097,ddpm_v5_0097.nii.gz,/users/tdd540/Capstone_Project/evaluation_200/ddpm_v5/ddpm_v5_0097.nii.gz,/users/tdd540/Capstone_Project/downstream_cache/synthetic_lowres/ddpm_v5/0097.npz,v2,2027
ddpm_v5,0098,ddpm_v5_0098.nii.gz,/users/tdd540/Capstone_Project/evaluation_200/ddpm_v5/ddpm_v5_0098.nii.gz,/users/tdd540/Capstone_Project/downstream_cache/synthetic_lowres/ddpm_v5/0098.npz,v2,2027
ddpm_v5,0099,ddpm_v5_0099.nii.gz,/users/tdd540/Capstone_Project/evaluation_200/ddpm_v5/ddpm_v5_0099.nii.gz,/users/tdd540/Capstone_Project/downstream_cache/synthetic_lowres/ddpm_v5/0099.npz,v2,2027
ddpm_v5,0100,ddpm_v5_0100.nii.gz,/users/tdd540/Capstone_Project/evaluation_200/ddpm_v5/ddpm_v5_0100.nii.gz,/users/tdd540/Capstone_Project/downstream_cache/synthetic_lowres/ddpm_v5/0100.npz,v2,2027
ddpm_v5,0101,ddpm_v5_0101.nii.gz,/users/tdd540/Capstone_Project/evaluation_200/ddpm_v5/ddpm_v5_0101.nii.gz,/users/tdd540/Capstone_Project/downstream_cache/synthetic_lowres/ddpm_v5/0101.npz,v2,2027
ddpm_v5,0102,ddpm_v5_0102.nii.gz,/users/tdd540/Capstone_Project/evaluation_200/ddpm_v5/ddpm_v5_0102.nii.gz,/users/tdd540/Capstone_Project/downstream_cache/synthetic_lowres/ddpm_v5/0102.npz,v2,2027
ddpm_v5,0103,ddpm_v5_0103.nii.gz,/users/tdd540/Capstone_Project/evaluation_200/ddpm_v5/ddpm_v5_0103.nii.gz,/users/tdd540/Capstone_Project/downstream_cache/synthetic_lowres/ddpm_v5/0103.npz,v2,2027
ddpm_v5,0104,ddpm_v5_0104.nii.gz,/users/tdd540/Capstone_Project/evaluation_200/ddpm_v5/ddpm_v5_0104.nii.gz,/users/tdd540/Capstone_Project/downstream_cache/synthetic_lowres/ddpm_v5/0104.npz,v2,2027
ddpm_v5,0105,ddpm_v5_0105.nii.gz,/users/tdd540/Capstone_Project/evaluation_200/ddpm_v5/ddpm_v5_0105.nii.gz,/users/tdd540/Capstone_Project/downstream_cache/synthetic_lowres/ddpm_v5/0105.npz,v2,2027
ddpm_v5,0106,ddpm_v5_0106.nii.gz,/users/tdd540/Capstone_Project/evaluation_200/ddpm_v5/ddpm_v5_0106.nii.gz,/users/tdd540/Capstone_Project/downstream_cache/synthetic_lowres/ddpm_v5/0106.npz,v2,2027
ddpm_v5,0107,ddpm_v5_0107.nii.gz,/users/tdd540/Capstone_Project/evaluation_200/ddpm_v5/ddpm_v5_0107.nii.gz,/users/tdd540/Capstone_Project/downstream_cache/synthetic_lowres/ddpm_v5/0107.npz,v2,2027
ddpm_v5,0108,ddpm_v5_0108.nii.gz,/users/tdd540/Capstone_Project/evaluation_200/ddpm_v5/ddpm_v5_0108.nii.gz,/users/tdd540/Capstone_Project/downstream_cache/synthetic_lowres/ddpm_v5/0108.npz,v2,2027
ddpm_v5,0109,ddpm_v5_0109.nii.gz,/users/tdd540/Capstone_Project/evaluation_200/ddpm_v5/ddpm_v5_0109.nii.gz,/users/tdd540/Capstone_Project/downstream_cache/synthetic_lowres/ddpm_v5/0109.npz,v2,2027
ddpm_v5,0110,ddpm_v5_0110.nii.gz,/users/tdd540/Capstone_Project/evaluation_200/ddpm_v5/ddpm_v5_0110.nii.gz,/users/tdd540/Capstone_Project/downstream_cache/synthetic_lowres/ddpm_v5/0110.npz,v2,2027
ddpm_v5,0111,ddpm_v5_0111.nii.gz,/users/tdd540/Capstone_Project/evaluation_200/ddpm_v5/ddpm_v5_0111.nii.gz,/users/tdd540/Capstone_Project/downstream_cache/synthetic_lowres/ddpm_v5/0111.npz,v2,2027
ddpm_v5,0112,ddpm_v5_0112.nii.gz,/users/tdd540/Capstone_Project/evaluation_200/ddpm_v5/ddpm_v5_0112.nii.gz,/users/tdd540/Capstone_Project/downstream_cache/synthetic_lowres/ddpm_v5/0112.npz,v2,2027
ddpm_v5,0113,ddpm_v5_0113.nii.gz,/users/tdd540/Capstone_Project/evaluation_200/ddpm_v5/ddpm_v5_0113.nii.gz,/users/tdd540/Capstone_Project/downstream_cache/synthetic_lowres/ddpm_v5/0113.npz,v2,2027
ddpm_v5,0114,ddpm_v5_0114.nii.gz,/users/tdd540/Capstone_Project/evaluation_200/ddpm_v5/ddpm_v5_0114.nii.gz,/users/tdd540/Capstone_Project/downstream_cache/synthetic_lowres/ddpm_v5/0114.npz,v2,2027
ddpm_v5,0115,ddpm_v5_0115.nii.gz,/users/tdd540/Capstone_Project/evaluation_200/ddpm_v5/ddpm_v5_0115.nii.gz,/users/tdd540/Capstone_Project/downstream_cache/synthetic_lowres/ddpm_v5/0115.npz,v2,2027
ddpm_v5,0116,ddpm_v5_0116.nii.gz,/users/tdd540/Capstone_Project/evaluation_200/ddpm_v5/ddpm_v5_0116.nii.gz,/users/tdd540/Capstone_Project/downstream_cache/synthetic_lowres/ddpm_v5/0116.npz,v2,2027
ddpm_v5,0117,ddpm_v5_0117.nii.gz,/users/tdd540/Capstone_Project/evaluation_200/ddpm_v5/ddpm_v5_0117.nii.gz,/users/tdd540/Capstone_Project/downstream_cache/synthetic_lowres/ddpm_v5/0117.npz,v2,2027
ddpm_v5,0118,ddpm_v5_0118.nii.gz,/users/tdd540/Capstone_Project/evaluation_200/ddpm_v5/ddpm_v5_0118.nii.gz,/users/tdd540/Capstone_Project/downstream_cache/synthetic_lowres/ddpm_v5/0118.npz,v2,2027
ddpm_v5,0119,ddpm_v5_0119.nii.gz,/users/tdd540/Capstone_Project/evaluation_200/ddpm_v5/ddpm_v5_0119.nii.gz,/users/tdd540/Capstone_Project/downstream_cache/synthetic_lowres/ddpm_v5/0119.npz,v2,2027
ddpm_v5,0120,ddpm_v5_0120.nii.gz,/users/tdd540/Capstone_Project/evaluation_200/ddpm_v5/ddpm_v5_0120.nii.gz,/users/tdd540/Capstone_Project/downstream_cache/synthetic_lowres/ddpm_v5/0120.npz,v2,2027
ddpm_v5,0121,ddpm_v5_0121.nii.gz,/users/tdd540/Capstone_Project/evaluation_200/ddpm_v5/ddpm_v5_0121.nii.gz,/users/tdd540/Capstone_Project/downstream_cache/synthetic_lowres/ddpm_v5/0121.npz,v2,2027
ddpm_v5,0122,ddpm_v5_0122.nii.gz,/users/tdd540/Capstone_Project/evaluation_200/ddpm_v5/ddpm_v5_0122.nii.gz,/users/tdd540/Capstone_Project/downstream_cache/synthetic_lowres/ddpm_v5/0122.npz,v2,2027
ddpm_v5,0123,ddpm_v5_0123.nii.gz,/users/tdd540/Capstone_Project/evaluation_200/ddpm_v5/ddpm_v5_0123.nii.gz,/users/tdd540/Capstone_Project/downstream_cache/synthetic_lowres/ddpm_v5/0123.npz,v2,2027
ddpm_v5,0124,ddpm_v5_0124.nii.gz,/users/tdd540/Capstone_Project/evaluation_200/ddpm_v5/ddpm_v5_0124.nii.gz,/users/tdd540/Capstone_Project/downstream_cache/synthetic_lowres/ddpm_v5/0124.npz,v2,2027
ddpm_v5,0125,ddpm_v5_0125.nii.gz,/users/tdd540/Capstone_Project/evaluation_200/ddpm_v5/ddpm_v5_0125.nii.gz,/users/tdd540/Capstone_Project/downstream_cache/synthetic_lowres/ddpm_v5/0125.npz,v2,2027
ddpm_v5,0126,ddpm_v5_0126.nii.gz,/users/tdd540/Capstone_Project/evaluation_200/ddpm_v5/ddpm_v5_0126.nii.gz,/users/tdd540/Capstone_Project/downstream_cache/synthetic_lowres/ddpm_v5/0126.npz,v2,2027
ddpm_v5,0127,ddpm_v5_0127.nii.gz,/users/tdd540/Capstone_Project/evaluation_200/ddpm_v5/ddpm_v5_0127.nii.gz,/users/tdd540/Capstone_Project/downstream_cache/synthetic_lowres/ddpm_v5/0127.npz,v2,2027
ddpm_v5,0128,ddpm_v5_0128.nii.gz,/users/tdd540/Capstone_Project/evaluation_200/ddpm_v5/ddpm_v5_0128.nii.gz,/users/tdd540/Capstone_Project/downstream_cache/synthetic_lowres/ddpm_v5/0128.npz,v2,2027
ddpm_v5,0129,ddpm_v5_0129.nii.gz,/users/tdd540/Capstone_Project/evaluation_200/ddpm_v5/ddpm_v5_0129.nii.gz,/users/tdd540/Capstone_Project/downstream_cache/synthetic_lowres/ddpm_v5/0129.npz,v2,2027
ddpm_v5,0130,ddpm_v5_0130.nii.gz,/users/tdd540/Capstone_Project/evaluation_200/ddpm_v5/ddpm_v5_0130.nii.gz,/users/tdd540/Capstone_Project/downstream_cache/synthetic_lowres/ddpm_v5/0130.npz,v2,2027
ddpm_v5,0131,ddpm_v5_0131.nii.gz,/users/tdd540/Capstone_Project/evaluation_200/ddpm_v5/ddpm_v5_0131.nii.gz,/users/tdd540/Capstone_Project/downstream_cache/synthetic_lowres/ddpm_v5/0131.npz,v2,2027
ddpm_v5,0132,ddpm_v5_0132.nii.gz,/users/tdd540/Capstone_Project/evaluation_200/ddpm_v5/ddpm_v5_0132.nii.gz,/users/tdd540/Capstone_Project/downstream_cache/synthetic_lowres/ddpm_v5/0132.npz,v2,2027
ddpm_v5,0133,ddpm_v5_0133.nii.gz,/users/tdd540/Capstone_Project/evaluation_200/ddpm_v5/ddpm_v5_0133.nii.gz,/users/tdd540/Capstone_Project/downstream_cache/synthetic_lowres/ddpm_v5/0133.npz,v2,2027
ddpm_v5,0134,ddpm_v5_0134.nii.gz,/users/tdd540/Capstone_Project/evaluation_200/ddpm_v5/ddpm_v5_0134.nii.gz,/users/tdd540/Capstone_Project/downstream_cache/synthetic_lowres/ddpm_v5/0134.npz,v2,2027
ddpm_v5,0135,ddpm_v5_0135.nii.gz,/users/tdd540/Capstone_Project/evaluation_200/ddpm_v5/ddpm_v5_0135.nii.gz,/users/tdd540/Capstone_Project/downstream_cache/synthetic_lowres/ddpm_v5/0135.npz,v2,2027
ddpm_v5,0136,ddpm_v5_0136.nii.gz,/users/tdd540/Capstone_Project/evaluation_200/ddpm_v5/ddpm_v5_0136.nii.gz,/users/tdd540/Capstone_Project/downstream_cache/synthetic_lowres/ddpm_v5/0136.npz,v2,2027
ddpm_v5,0137,ddpm_v5_0137.nii.gz,/users/tdd540/Capstone_Project/evaluation_200/ddpm_v5/ddpm_v5_0137.nii.gz,/users/tdd540/Capstone_Project/downstream_cache/synthetic_lowres/ddpm_v5/0137.npz,v2,2027
ddpm_v5,0138,ddpm_v5_0138.nii.gz,/users/tdd540/Capstone_Project/evaluation_200/ddpm_v5/ddpm_v5_0138.nii.gz,/users/tdd540/Capstone_Project/downstream_cache/synthetic_lowres/ddpm_v5/0138.npz,v2,2027
ddpm_v5,0139,ddpm_v5_0139.nii.gz,/users/tdd540/Capstone_Project/evaluation_200/ddpm_v5/ddpm_v5_0139.nii.gz,/users/tdd540/Capstone_Project/downstream_cache/synthetic_lowres/ddpm_v5/0139.npz,v2,2027
ddpm_v5,0140,ddpm_v5_0140.nii.gz,/users/tdd540/Capstone_Project/evaluation_200/ddpm_v5/ddpm_v5_0140.nii.gz,/users/tdd540/Capstone_Project/downstream_cache/synthetic_lowres/ddpm_v5/0140.npz,v2,2027
ddpm_v5,0141,ddpm_v5_0141.nii.gz,/users/tdd540/Capstone_Project/evaluation_200/ddpm_v5/ddpm_v5_0141.nii.gz,/users/tdd540/Capstone_Project/downstream_cache/synthetic_lowres/ddpm_v5/0141.npz,v2,2027
ddpm_v5,0142,ddpm_v5_0142.nii.gz,/users/tdd540/Capstone_Project/evaluation_200/ddpm_v5/ddpm_v5_0142.nii.gz,/users/tdd540/Capstone_Project/downstream_cache/synthetic_lowres/ddpm_v5/0142.npz,v2,2027
ddpm_v5,0143,ddpm_v5_0143.nii.gz,/users/tdd540/Capstone_Project/evaluation_200/ddpm_v5/ddpm_v5_0143.nii.gz,/users/tdd540/Capstone_Project/downstream_cache/synthetic_lowres/ddpm_v5/0143.npz,v2,2027
ddpm_v5,0144,ddpm_v5_0144.nii.gz,/users/tdd540/Capstone_Project/evaluation_200/ddpm_v5/ddpm_v5_0144.nii.gz,/users/tdd540/Capstone_Project/downstream_cache/synthetic_lowres/ddpm_v5/0144.npz,v2,2027
ddpm_v5,0145,ddpm_v5_0145.nii.gz,/users/tdd540/Capstone_Project/evaluation_200/ddpm_v5/ddpm_v5_0145.nii.gz,/users/tdd540/Capstone_Project/downstream_cache/synthetic_lowres/ddpm_v5/0145.npz,v2,2027
ddpm_v5,0146,ddpm_v5_0146.nii.gz,/users/tdd540/Capstone_Project/evaluation_200/ddpm_v5/ddpm_v5_0146.nii.gz,/users/tdd540/Capstone_Project/downstream_cache/synthetic_lowres/ddpm_v5/0146.npz,v2,2027
ddpm_v5,0147,ddpm_v5_0147.nii.gz,/users/tdd540/Capstone_Project/evaluation_200/ddpm_v5/ddpm_v5_0147.nii.gz,/users/tdd540/Capstone_Project/downstream_cache/synthetic_lowres/ddpm_v5/0147.npz,v2,2027
ddpm_v5,0148,ddpm_v5_0148.nii.gz,/users/tdd540/Capstone_Project/evaluation_200/ddpm_v5/ddpm_v5_0148.nii.gz,/users/tdd540/Capstone_Project/downstream_cache/synthetic_lowres/ddpm_v5/0148.npz,v2,2027
ddpm_v5,0149,ddpm_v5_0149.nii.gz,/users/tdd540/Capstone_Project/evaluation_200/ddpm_v5/ddpm_v5_0149.nii.gz,/users/tdd540/Capstone_Project/downstream_cache/synthetic_lowres/ddpm_v5/0149.npz,v2,2027
ddpm_v5,0150,ddpm_v5_0150.nii.gz,/users/tdd540/Capstone_Project/evaluation_200/ddpm_v5/ddpm_v5_0150.nii.gz,/users/tdd540/Capstone_Project/downstream_cache/synthetic_lowres/ddpm_v5/0150.npz,v2,2027
ddpm_v5,0151,ddpm_v5_0151.nii.gz,/users/tdd540/Capstone_Project/evaluation_200/ddpm_v5/ddpm_v5_0151.nii.gz,/users/tdd540/Capstone_Project/downstream_cache/synthetic_lowres/ddpm_v5/0151.npz,v2,2027
ddpm_v5,0152,ddpm_v5_0152.nii.gz,/users/tdd540/Capstone_Project/evaluation_200/ddpm_v5/ddpm_v5_0152.nii.gz,/users/tdd540/Capstone_Project/downstream_cache/synthetic_lowres/ddpm_v5/0152.npz,v2,2027
ddpm_v5,0153,ddpm_v5_0153.nii.gz,/users/tdd540/Capstone_Project/evaluation_200/ddpm_v5/ddpm_v5_0153.nii.gz,/users/tdd540/Capstone_Project/downstream_cache/synthetic_lowres/ddpm_v5/0153.npz,v2,2027
ddpm_v5,0154,ddpm_v5_0154.nii.gz,/users/tdd540/Capstone_Project/evaluation_200/ddpm_v5/ddpm_v5_0154.nii.gz,/users/tdd540/Capstone_Project/downstream_cache/synthetic_lowres/ddpm_v5/0154.npz,v2,2027
ddpm_v5,0155,ddpm_v5_0155.nii.gz,/users/tdd540/Capstone_Project/evaluation_200/ddpm_v5/ddpm_v5_0155.nii.gz,/users/tdd540/Capstone_Project/downstream_cache/synthetic_lowres/ddpm_v5/0155.npz,v2,2027
ddpm_v5,0156,ddpm_v5_0156.nii.gz,/users/tdd540/Capstone_Project/evaluation_200/ddpm_v5/ddpm_v5_0156.nii.gz,/users/tdd540/Capstone_Project/downstream_cache/synthetic_lowres/ddpm_v5/0156.npz,v2,2027
ddpm_v5,0157,ddpm_v5_0157.nii.gz,/users/tdd540/Capstone_Project/evaluation_200/ddpm_v5/ddpm_v5_0157.nii.gz,/users/tdd540/Capstone_Project/downstream_cache/synthetic_lowres/ddpm_v5/0157.npz,v2,2027
ddpm_v5,0158,ddpm_v5_0158.nii.gz,/users/tdd540/Capstone_Project/evaluation_200/ddpm_v5/ddpm_v5_0158.nii.gz,/users/tdd540/Capstone_Project/downstream_cache/synthetic_lowres/ddpm_v5/0158.npz,v2,2027
ddpm_v5,0159,ddpm_v5_0159.nii.gz,/users/tdd540/Capstone_Project/evaluation_200/ddpm_v5/ddpm_v5_0159.nii.gz,/users/tdd540/Capstone_Project/downstream_cache/synthetic_lowres/ddpm_v5/0159.npz,v2,2027
ddpm_v5,0160,ddpm_v5_0160.nii.gz,/users/tdd540/Capstone_Project/evaluation_200/ddpm_v5/ddpm_v5_0160.nii.gz,/users/tdd540/Capstone_Project/downstream_cache/synthetic_lowres/ddpm_v5/0160.npz,v2,2027
ddpm_v5,0161,ddpm_v5_0161.nii.gz,/users/tdd540/Capstone_Project/evaluation_200/ddpm_v5/ddpm_v5_0161.nii.gz,/users/tdd540/Capstone_Project/downstream_cache/synthetic_lowres/ddpm_v5/0161.npz,v2,2027
ddpm_v5,0162,ddpm_v5_0162.nii.gz,/users/tdd540/Capstone_Project/evaluation_200/ddpm_v5/ddpm_v5_0162.nii.gz,/users/tdd540/Capstone_Project/downstream_cache/synthetic_lowres/ddpm_v5/0162.npz,v2,2027
ddpm_v5,0163,ddpm_v5_0163.nii.gz,/users/tdd540/Capstone_Project/evaluation_200/ddpm_v5/ddpm_v5_0163.nii.gz,/users/tdd540/Capstone_Project/downstream_cache/synthetic_lowres/ddpm_v5/0163.npz,v2,2027
ddpm_v5,0164,ddpm_v5_0164.nii.gz,/users/tdd540/Capstone_Project/evaluation_200/ddpm_v5/ddpm_v5_0164.nii.gz,/users/tdd540/Capstone_Project/downstream_cache/synthetic_lowres/ddpm_v5/0164.npz,v2,2027
ddpm_v5,0165,ddpm_v5_0165.nii.gz,/users/tdd540/Capstone_Project/evaluation_200/ddpm_v5/ddpm_v5_0165.nii.gz,/users/tdd540/Capstone_Project/downstream_cache/synthetic_lowres/ddpm_v5/0165.npz,v2,2027
ddpm_v5,0166,ddpm_v5_0166.nii.gz,/users/tdd540/Capstone_Project/evaluation_200/ddpm_v5/ddpm_v5_0166.nii.gz,/users/tdd540/Capstone_Project/downstream_cache/synthetic_lowres/ddpm_v5/0166.npz,v2,2027
ddpm_v5,0167,ddpm_v5_0167.nii.gz,/users/tdd540/Capstone_Project/evaluation_200/ddpm_v5/ddpm_v5_0167.nii.gz,/users/tdd540/Capstone_Project/downstream_cache/synthetic_lowres/ddpm_v5/0167.npz,v2,2027
ddpm_v5,0168,ddpm_v5_0168.nii.gz,/users/tdd540/Capstone_Project/evaluation_200/ddpm_v5/ddpm_v5_0168.nii.gz,/users/tdd540/Capstone_Project/downstream_cache/synthetic_lowres/ddpm_v5/0168.npz,v2,2027
ddpm_v5,0169,ddpm_v5_0169.nii.gz,/users/tdd540/Capstone_Project/evaluation_200/ddpm_v5/ddpm_v5_0169.nii.gz,/users/tdd540/Capstone_Project/downstream_cache/synthetic_lowres/ddpm_v5/0169.npz,v2,2027
ddpm_v5,0170,ddpm_v5_0170.nii.gz,/users/tdd540/Capstone_Project/evaluation_200/ddpm_v5/ddpm_v5_0170.nii.gz,/users/tdd540/Capstone_Project/downstream_cache/synthetic_lowres/ddpm_v5/0170.npz,v2,2027
ddpm_v5,0171,ddpm_v5_0171.nii.gz,/users/tdd540/Capstone_Project/evaluation_200/ddpm_v5/ddpm_v5_0171.nii.gz,/users/tdd540/Capstone_Project/downstream_cache/synthetic_lowres/ddpm_v5/0171.npz,v2,2027
ddpm_v5,0172,ddpm_v5_0172.nii.gz,/users/tdd540/Capstone_Project/evaluation_200/ddpm_v5/ddpm_v5_0172.nii.gz,/users/tdd540/Capstone_Project/downstream_cache/synthetic_lowres/ddpm_v5/0172.npz,v2,2027
ddpm_v5,0173,ddpm_v5_0173.nii.gz,/users/tdd540/Capstone_Project/evaluation_200/ddpm_v5/ddpm_v5_0173.nii.gz,/users/tdd540/Capstone_Project/downstream_cache/synthetic_lowres/ddpm_v5/0173.npz,v2,2027
ddpm_v5,0174,ddpm_v5_0174.nii.gz,/users/tdd540/Capstone_Project/evaluation_200/ddpm_v5/ddpm_v5_0174.nii.gz,/users/tdd540/Capstone_Project/downstream_cache/synthetic_lowres/ddpm_v5/0174.npz,v2,2027
ddpm_v5,0175,ddpm_v5_0175.nii.gz,/users/tdd540/Capstone_Project/evaluation_200/ddpm_v5/ddpm_v5_0175.nii.gz,/users/tdd540/Capstone_Project/downstream_cache/synthetic_lowres/ddpm_v5/0175.npz,v2,2027
ddpm_v5,0176,ddpm_v5_0176.nii.gz,/users/tdd540/Capstone_Project/evaluation_200/ddpm_v5/ddpm_v5_0176.nii.gz,/users/tdd540/Capstone_Project/downstream_cache/synthetic_lowres/ddpm_v5/0176.npz,v2,2027
ddpm_v5,0177,ddpm_v5_0177.nii.gz,/users/tdd540/Capstone_Project/evaluation_200/ddpm_v5/ddpm_v5_0177.nii.gz,/users/tdd540/Capstone_Project/downstream_cache/synthetic_lowres/ddpm_v5/0177.npz,v2,2027
ddpm_v5,0178,ddpm_v5_0178.nii.gz,/users/tdd540/Capstone_Project/evaluation_200/ddpm_v5/ddpm_v5_0178.nii.gz,/users/tdd540/Capstone_Project/downstream_cache/synthetic_lowres/ddpm_v5/0178.npz,v2,2027
ddpm_v5,0179,ddpm_v5_0179.nii.gz,/users/tdd540/Capstone_Project/evaluation_200/ddpm_v5/ddpm_v5_0179.nii.gz,/users/tdd540/Capstone_Project/downstream_cache/synthetic_lowres/ddpm_v5/0179.npz,v2,2027
ddpm_v5,0180,ddpm_v5_0180.nii.gz,/users/tdd540/Capstone_Project/evaluation_200/ddpm_v5/ddpm_v5_0180.nii.gz,/users/tdd540/Capstone_Project/downstream_cache/synthetic_lowres/ddpm_v5/0180.npz,v2,2027
ddpm_v5,0181,ddpm_v5_0181.nii.gz,/users/tdd540/Capstone_Project/evaluation_200/ddpm_v5/ddpm_v5_0181.nii.gz,/users/tdd540/Capstone_Project/downstream_cache/synthetic_lowres/ddpm_v5/0181.npz,v2,2027
ddpm_v5,0182,ddpm_v5_0182.nii.gz,/users/tdd540/Capstone_Project/evaluation_200/ddpm_v5/ddpm_v5_0182.nii.gz,/users/tdd540/Capstone_Project/downstream_cache/synthetic_lowres/ddpm_v5/0182.npz,v2,2027
ddpm_v5,0183,ddpm_v5_0183.nii.gz,/users/tdd540/Capstone_Project/evaluation_200/ddpm_v5/ddpm_v5_0183.nii.gz,/users/tdd540/Capstone_Project/downstream_cache/synthetic_lowres/ddpm_v5/0183.npz,v2,2027
ddpm_v5,0184,ddpm_v5_0184.nii.gz,/users/tdd540/Capstone_Project/evaluation_200/ddpm_v5/ddpm_v5_0184.nii.gz,/users/tdd540/Capstone_Project/downstream_cache/synthetic_lowres/ddpm_v5/0184.npz,v2,2027
ddpm_v5,0185,ddpm_v5_0185.nii.gz,/users/tdd540/Capstone_Project/evaluation_200/ddpm_v5/ddpm_v5_0185.nii.gz,/users/tdd540/Capstone_Project/downstream_cache/synthetic_lowres/ddpm_v5/0185.npz,v2,2027
ddpm_v5,0186,ddpm_v5_0186.nii.gz,/users/tdd540/Capstone_Project/evaluation_200/ddpm_v5/ddpm_v5_0186.nii.gz,/users/tdd540/Capstone_Project/downstream_cache/synthetic_lowres/ddpm_v5/0186.npz,v2,2027
ddpm_v5,0187,ddpm_v5_0187.nii.gz,/users/tdd540/Capstone_Project/evaluation_200/ddpm_v5/ddpm_v5_0187.nii.gz,/users/tdd540/Capstone_Project/downstream_cache/synthetic_lowres/ddpm_v5/0187.npz,v2,2027
ddpm_v5,0188,ddpm_v5_0188.nii.gz,/users/tdd540/Capstone_Project/evaluation_200/ddpm_v5/ddpm_v5_0188.nii.gz,/users/tdd540/Capstone_Project/downstream_cache/synthetic_lowres/ddpm_v5/0188.npz,v2,2027
ddpm_v5,0189,ddpm_v5_0189.nii.gz,/users/tdd540/Capstone_Project/evaluation_200/ddpm_v5/ddpm_v5_0189.nii.gz,/users/tdd540/Capstone_Project/downstream_cache/synthetic_lowres/ddpm_v5/0189.npz,v2,2027
ddpm_v5,0190,ddpm_v5_0190.nii.gz,/users/tdd540/Capstone_Project/evaluation_200/ddpm_v5/ddpm_v5_0190.nii.gz,/users/tdd540/Capstone_Project/downstream_cache/synthetic_lowres/ddpm_v5/0190.npz,v2,2027
ddpm_v5,0191,ddpm_v5_0191.nii.gz,/users/tdd540/Capstone_Project/evaluation_200/ddpm_v5/ddpm_v5_0191.nii.gz,/users/tdd540/Capstone_Project/downstream_cache/synthetic_lowres/ddpm_v5/0191.npz,v2,2027
ddpm_v5,0192,ddpm_v5_0192.nii.gz,/users/tdd540/Capstone_Project/evaluation_200/ddpm_v5/ddpm_v5_0192.nii.gz,/users/tdd540/Capstone_Project/downstream_cache/synthetic_lowres/ddpm_v5/0192.npz,v2,2027
ddpm_v5,0193,ddpm_v5_0193.nii.gz,/users/tdd540/Capstone_Project/evaluation_200/ddpm_v5/ddpm_v5_0193.nii.gz,/users/tdd540/Capstone_Project/downstream_cache/synthetic_lowres/ddpm_v5/0193.npz,v2,2027
ddpm_v5,0194,ddpm_v5_0194.nii.gz,/users/tdd540/Capstone_Project/evaluation_200/ddpm_v5/ddpm_v5_0194.nii.gz,/users/tdd540/Capstone_Project/downstream_cache/synthetic_lowres/ddpm_v5/0194.npz,v2,2027
ddpm_v5,0195,ddpm_v5_0195.nii.gz,/users/tdd540/Capstone_Project/evaluation_200/ddpm_v5/ddpm_v5_0195.nii.gz,/users/tdd540/Capstone_Project/downstream_cache/synthetic_lowres/ddpm_v5/0195.npz,v2,2027
ddpm_v5,0196,ddpm_v5_0196.nii.gz,/users/tdd540/Capstone_Project/evaluation_200/ddpm_v5/ddpm_v5_0196.nii.gz,/users/tdd540/Capstone_Project/downstream_cache/synthetic_lowres/ddpm_v5/0196.npz,v2,2027
ddpm_v5,0197,ddpm_v5_0197.nii.gz,/users/tdd540/Capstone_Project/evaluation_200/ddpm_v5/ddpm_v5_0197.nii.gz,/users/tdd540/Capstone_Project/downstream_cache/synthetic_lowres/ddpm_v5/0197.npz,v2,2027
ddpm_v5,0198,ddpm_v5_0198.nii.gz,/users/tdd540/Capstone_Project/evaluation_200/ddpm_v5/ddpm_v5_0198.nii.gz,/users/tdd540/Capstone_Project/downstream_cache/synthetic_lowres/ddpm_v5/0198.npz,v2,2027
ddpm_v5,0199,ddpm_v5_0199.nii.gz,/users/tdd540/Capstone_Project/evaluation_200/ddpm_v5/ddpm_v5_0199.nii.gz,/users/tdd540/Capstone_Project/downstream_cache/synthetic_lowres/ddpm_v5/0199.npz,v2,2027
conditional_ddpm_v3,0000,conditional_ddpm_v3_0000.nii.gz,/users/tdd540/Capstone_Project/evaluation_200/conditional_ddpm_v3/conditional_ddpm_v3_0000.nii.gz,/users/tdd540/Capstone_Project/downstream_cache/synthetic_lowres/conditional_ddpm_v3/0000.npz,v2,2027
conditional_ddpm_v3,0001,conditional_ddpm_v3_0001.nii.gz,/users/tdd540/Capstone_Project/evaluation_200/conditional_ddpm_v3/conditional_ddpm_v3_0001.nii.gz,/users/tdd540/Capstone_Project/downstream_cache/synthetic_lowres/conditional_ddpm_v3/0001.npz,v2,2027
conditional_ddpm_v3,0002,conditional_ddpm_v3_0002.nii.gz,/users/tdd540/Capstone_Project/evaluation_200/conditional_ddpm_v3/conditional_ddpm_v3_0002.nii.gz,/users/tdd540/Capstone_Project/downstream_cache/synthetic_lowres/conditional_ddpm_v3/0002.npz,v2,2027
conditional_ddpm_v3,0003,conditional_ddpm_v3_0003.nii.gz,/users/tdd540/Capstone_Project/evaluation_200/conditional_ddpm_v3/conditional_ddpm_v3_0003.nii.gz,/users/tdd540/Capstone_Project/downstream_cache/synthetic_lowres/conditional_ddpm_v3/0003.npz,v2,2027
conditional_ddpm_v3,0004,conditional_ddpm_v3_0004.nii.gz,/users/tdd540/Capstone_Project/evaluation_200/conditional_ddpm_v3/conditional_ddpm_v3_0004.nii.gz,/users/tdd540/Capstone_Project/downstream_cache/synthetic_lowres/conditional_ddpm_v3/0004.npz,v2,2027
conditional_ddpm_v3,0005,conditional_ddpm_v3_0005.nii.gz,/users/tdd540/Capstone_Project/evaluation_200/conditional_ddpm_v3/conditional_ddpm_v3_0005.nii.gz,/users/tdd540/Capstone_Project/downstream_cache/synthetic_lowres/conditional_ddpm_v3/0005.npz,v2,2027
conditional_ddpm_v3,0006,conditional_ddpm_v3_0006.nii.gz,/users/tdd540/Capstone_Project/evaluation_200/conditional_ddpm_v3/conditional_ddpm_v3_0006.nii.gz,/users/tdd540/Capstone_Project/downstream_cache/synthetic_lowres/conditional_ddpm_v3/0006.npz,v2,2027
conditional_ddpm_v3,0007,conditional_ddpm_v3_0007.nii.gz,/users/tdd540/Capstone_Project/evaluation_200/conditional_ddpm_v3/conditional_ddpm_v3_0007.nii.gz,/users/tdd540/Capstone_Project/downstream_cache/synthetic_lowres/conditional_ddpm_v3/0007.npz,v2,2027
conditional_ddpm_v3,0008,conditional_ddpm_v3_0008.nii.gz,/users/tdd540/Capstone_Project/evaluation_200/conditional_ddpm_v3/conditional_ddpm_v3_0008.nii.gz,/users/tdd540/Capstone_Project/downstream_cache/synthetic_lowres/conditional_ddpm_v3/0008.npz,v2,2027
conditional_ddpm_v3,0009,conditional_ddpm_v3_0009.nii.gz,/users/tdd540/Capstone_Project/evaluation_200/conditional_ddpm_v3/conditional_ddpm_v3_0009.nii.gz,/users/tdd540/Capstone_Project/downstream_cache/synthetic_lowres/conditional_ddpm_v3/0009.npz,v2,2027
conditional_ddpm_v3,0010,conditional_ddpm_v3_0010.nii.gz,/users/tdd540/Capstone_Project/evaluation_200/conditional_ddpm_v3/conditional_ddpm_v3_0010.nii.gz,/users/tdd540/Capstone_Project/downstream_cache/synthetic_lowres/conditional_ddpm_v3/0010.npz,v2,2027
conditional_ddpm_v3,0011,conditional_ddpm_v3_0011.nii.gz,/users/tdd540/Capstone_Project/evaluation_200/conditional_ddpm_v3/conditional_ddpm_v3_0011.nii.gz,/users/tdd540/Capstone_Project/downstream_cache/synthetic_lowres/conditional_ddpm_v3/0011.npz,v2,2027
conditional_ddpm_v3,0012,conditional_ddpm_v3_0012.nii.gz,/users/tdd540/Capstone_Project/evaluation_200/conditional_ddpm_v3/conditional_ddpm_v3_0012.nii.gz,/users/tdd540/Capstone_Project/downstream_cache/synthetic_lowres/conditional_ddpm_v3/0012.npz,v2,2027
conditional_ddpm_v3,0013,conditional_ddpm_v3_0013.nii.gz,/users/tdd540/Capstone_Project/evaluation_200/conditional_ddpm_v3/conditional_ddpm_v3_0013.nii.gz,/users/tdd540/Capstone_Project/downstream_cache/synthetic_lowres/conditional_ddpm_v3/0013.npz,v2,2027
conditional_ddpm_v3,0014,conditional_ddpm_v3_0014.nii.gz,/users/tdd540/Capstone_Project/evaluation_200/conditional_ddpm_v3/conditional_ddpm_v3_0014.nii.gz,/users/tdd540/Capstone_Project/downstream_cache/synthetic_lowres/conditional_ddpm_v3/0014.npz,v2,2027
conditional_ddpm_v3,0015,conditional_ddpm_v3_0015.nii.gz,/users/tdd540/Capstone_Project/evaluation_200/conditional_ddpm_v3/conditional_ddpm_v3_0015.nii.gz,/users/tdd540/Capstone_Project/downstream_cache/synthetic_lowres/conditional_ddpm_v3/0015.npz,v2,2027
conditional_ddpm_v3,0016,conditional_ddpm_v3_0016.nii.gz,/users/tdd540/Capstone_Project/evaluation_200/conditional_ddpm_v3/conditional_ddpm_v3_0016.nii.gz,/users/tdd540/Capstone_Project/downstream_cache/synthetic_lowres/conditional_ddpm_v3/0016.npz,v2,2027
conditional_ddpm_v3,0017,conditional_ddpm_v3_0017.nii.gz,/users/tdd540/Capstone_Project/evaluation_200/conditional_ddpm_v3/conditional_ddpm_v3_0017.nii.gz,/users/tdd540/Capstone_Project/downstream_cache/synthetic_lowres/conditional_ddpm_v3/0017.npz,v2,2027
conditional_ddpm_v3,0018,conditional_ddpm_v3_0018.nii.gz,/users/tdd540/Capstone_Project/evaluation_200/conditional_ddpm_v3/conditional_ddpm_v3_0018.nii.gz,/users/tdd540/Capstone_Project/downstream_cache/synthetic_lowres/conditional_ddpm_v3/0018.npz,v2,2027
conditional_ddpm_v3,0019,conditional_ddpm_v3_0019.nii.gz,/users/tdd540/Capstone_Project/evaluation_200/conditional_ddpm_v3/conditional_ddpm_v3_0019.nii.gz,/users/tdd540/Capstone_Project/downstream_cache/synthetic_lowres/conditional_ddpm_v3/0019.npz,v2,2027
conditional_ddpm_v3,0020,conditional_ddpm_v3_0020.nii.gz,/users/tdd540/Capstone_Project/evaluation_200/conditional_ddpm_v3/conditional_ddpm_v3_0020.nii.gz,/users/tdd540/Capstone_Project/downstream_cache/synthetic_lowres/conditional_ddpm_v3/0020.npz,v2,2027
conditional_ddpm_v3,0021,conditional_ddpm_v3_0021.nii.gz,/users/tdd540/Capstone_Project/evaluation_200/conditional_ddpm_v3/conditional_ddpm_v3_0021.nii.gz,/users/tdd540/Capstone_Project/downstream_cache/synthetic_lowres/conditional_ddpm_v3/0021.npz,v2,2027
conditional_ddpm_v3,0022,conditional_ddpm_v3_0022.nii.gz,/users/tdd540/Capstone_Project/evaluation_200/conditional_ddpm_v3/conditional_ddpm_v3_0022.nii.gz,/users/tdd540/Capstone_Project/downstream_cache/synthetic_lowres/conditional_ddpm_v3/0022.npz,v2,2027
conditional_ddpm_v3,0023,conditional_ddpm_v3_0023.nii.gz,/users/tdd540/Capstone_Project/evaluation_200/conditional_ddpm_v3/conditional_ddpm_v3_0023.nii.gz,/users/tdd540/Capstone_Project/downstream_cache/synthetic_lowres/conditional_ddpm_v3/0023.npz,v2,2027
conditional_ddpm_v3,0024,conditional_ddpm_v3_0024.nii.gz,/users/tdd540/Capstone_Project/evaluation_200/conditional_ddpm_v3/conditional_ddpm_v3_0024.nii.gz,/users/tdd540/Capstone_Project/downstream_cache/synthetic_lowres/conditional_ddpm_v3/0024.npz,v2,2027
conditional_ddpm_v3,0025,conditional_ddpm_v3_0025.nii.gz,/users/tdd540/Capstone_Project/evaluation_200/conditional_ddpm_v3/conditional_ddpm_v3_0025.nii.gz,/users/tdd540/Capstone_Project/downstream_cache/synthetic_lowres/conditional_ddpm_v3/0025.npz,v2,2027
conditional_ddpm_v3,0026,conditional_ddpm_v3_0026.nii.gz,/users/tdd540/Capstone_Project/evaluation_200/conditional_ddpm_v3/conditional_ddpm_v3_0026.nii.gz,/users/tdd540/Capstone_Project/downstream_cache/synthetic_lowres/conditional_ddpm_v3/0026.npz,v2,2027
conditional_ddpm_v3,0027,conditional_ddpm_v3_0027.nii.gz,/users/tdd540/Capstone_Project/evaluation_200/conditional_ddpm_v3/conditional_ddpm_v3_0027.nii.gz,/users/tdd540/Capstone_Project/downstream_cache/synthetic_lowres/conditional_ddpm_v3/0027.npz,v2,2027
conditional_ddpm_v3,0028,conditional_ddpm_v3_0028.nii.gz,/users/tdd540/Capstone_Project/evaluation_200/conditional_ddpm_v3/conditional_ddpm_v3_0028.nii.gz,/users/tdd540/Capstone_Project/downstream_cache/synthetic_lowres/conditional_ddpm_v3/0028.npz,v2,2027
conditional_ddpm_v3,0029,conditional_ddpm_v3_0029.nii.gz,/users/tdd540/Capstone_Project/evaluation_200/conditional_ddpm_v3/conditional_ddpm_v3_0029.nii.gz,/users/tdd540/Capstone_Project/downstream_cache/synthetic_lowres/conditional_ddpm_v3/0029.npz,v2,2027
conditional_ddpm_v3,0030,conditional_ddpm_v3_0030.nii.gz,/users/tdd540/Capstone_Project/evaluation_200/conditional_ddpm_v3/conditional_ddpm_v3_0030.nii.gz,/users/tdd540/Capstone_Project/downstream_cache/synthetic_lowres/conditional_ddpm_v3/0030.npz,v2,2027
conditional_ddpm_v3,0031,conditional_ddpm_v3_0031.nii.gz,/users/tdd540/Capstone_Project/evaluation_200/conditional_ddpm_v3/conditional_ddpm_v3_0031.nii.gz,/users/tdd540/Capstone_Project/downstream_cache/synthetic_lowres/conditional_ddpm_v3/0031.npz,v2,2027
conditional_ddpm_v3,0032,conditional_ddpm_v3_0032.nii.gz,/users/tdd540/Capstone_Project/evaluation_200/conditional_ddpm_v3/conditional_ddpm_v3_0032.nii.gz,/users/tdd540/Capstone_Project/downstream_cache/synthetic_lowres/conditional_ddpm_v3/0032.npz,v2,2027
conditional_ddpm_v3,0033,conditional_ddpm_v3_0033.nii.gz,/users/tdd540/Capstone_Project/evaluation_200/conditional_ddpm_v3/conditional_ddpm_v3_0033.nii.gz,/users/tdd540/Capstone_Project/downstream_cache/synthetic_lowres/conditional_ddpm_v3/0033.npz,v2,2027
conditional_ddpm_v3,0034,conditional_ddpm_v3_0034.nii.gz,/users/tdd540/Capstone_Project/evaluation_200/conditional_ddpm_v3/conditional_ddpm_v3_0034.nii.gz,/users/tdd540/Capstone_Project/downstream_cache/synthetic_lowres/conditional_ddpm_v3/0034.npz,v2,2027
conditional_ddpm_v3,0035,conditional_ddpm_v3_0035.nii.gz,/users/tdd540/Capstone_Project/evaluation_200/conditional_ddpm_v3/conditional_ddpm_v3_0035.nii.gz,/users/tdd540/Capstone_Project/downstream_cache/synthetic_lowres/conditional_ddpm_v3/0035.npz,v2,2027
conditional_ddpm_v3,0036,conditional_ddpm_v3_0036.nii.gz,/users/tdd540/Capstone_Project/evaluation_200/conditional_ddpm_v3/conditional_ddpm_v3_0036.nii.gz,/users/tdd540/Capstone_Project/downstream_cache/synthetic_lowres/conditional_ddpm_v3/0036.npz,v2,2027
conditional_ddpm_v3,0037,conditional_ddpm_v3_0037.nii.gz,/users/tdd540/Capstone_Project/evaluation_200/conditional_ddpm_v3/conditional_ddpm_v3_0037.nii.gz,/users/tdd540/Capstone_Project/downstream_cache/synthetic_lowres/conditional_ddpm_v3/0037.npz,v2,2027
conditional_ddpm_v3,0038,conditional_ddpm_v3_0038.nii.gz,/users/tdd540/Capstone_Project/evaluation_200/conditional_ddpm_v3/conditional_ddpm_v3_0038.nii.gz,/users/tdd540/Capstone_Project/downstream_cache/synthetic_lowres/conditional_ddpm_v3/0038.npz,v2,2027
conditional_ddpm_v3,0039,conditional_ddpm_v3_0039.nii.gz,/users/tdd540/Capstone_Project/evaluation_200/conditional_ddpm_v3/conditional_ddpm_v3_0039.nii.gz,/users/tdd540/Capstone_Project/downstream_cache/synthetic_lowres/conditional_ddpm_v3/0039.npz,v2,2027
conditional_ddpm_v3,0040,conditional_ddpm_v3_0040.nii.gz,/users/tdd540/Capstone_Project/evaluation_200/conditional_ddpm_v3/conditional_ddpm_v3_0040.nii.gz,/users/tdd540/Capstone_Project/downstream_cache/synthetic_lowres/conditional_ddpm_v3/0040.npz,v2,2027
conditional_ddpm_v3,0041,conditional_ddpm_v3_0041.nii.gz,/users/tdd540/Capstone_Project/evaluation_200/conditional_ddpm_v3/conditional_ddpm_v3_0041.nii.gz,/users/tdd540/Capstone_Project/downstream_cache/synthetic_lowres/conditional_ddpm_v3/0041.npz,v2,2027
conditional_ddpm_v3,0042,conditional_ddpm_v3_0042.nii.gz,/users/tdd540/Capstone_Project/evaluation_200/conditional_ddpm_v3/conditional_ddpm_v3_0042.nii.gz,/users/tdd540/Capstone_Project/downstream_cache/synthetic_lowres/conditional_ddpm_v3/0042.npz,v2,2027
conditional_ddpm_v3,0043,conditional_ddpm_v3_0043.nii.gz,/users/tdd540/Capstone_Project/evaluation_200/conditional_ddpm_v3/conditional_ddpm_v3_0043.nii.gz,/users/tdd540/Capstone_Project/downstream_cache/synthetic_lowres/conditional_ddpm_v3/0043.npz,v2,2027
conditional_ddpm_v3,0044,conditional_ddpm_v3_0044.nii.gz,/users/tdd540/Capstone_Project/evaluation_200/conditional_ddpm_v3/conditional_ddpm_v3_0044.nii.gz,/users/tdd540/Capstone_Project/downstream_cache/synthetic_lowres/conditional_ddpm_v3/0044.npz,v2,2027
conditional_ddpm_v3,0045,conditional_ddpm_v3_0045.nii.gz,/users/tdd540/Capstone_Project/evaluation_200/conditional_ddpm_v3/conditional_ddpm_v3_0045.nii.gz,/users/tdd540/Capstone_Project/downstream_cache/synthetic_lowres/conditional_ddpm_v3/0045.npz,v2,2027
conditional_ddpm_v3,0046,conditional_ddpm_v3_0046.nii.gz,/users/tdd540/Capstone_Project/evaluation_200/conditional_ddpm_v3/conditional_ddpm_v3_0046.nii.gz,/users/tdd540/Capstone_Project/downstream_cache/synthetic_lowres/conditional_ddpm_v3/0046.npz,v2,2027
conditional_ddpm_v3,0047,conditional_ddpm_v3_0047.nii.gz,/users/tdd540/Capstone_Project/evaluation_200/conditional_ddpm_v3/conditional_ddpm_v3_0047.nii.gz,/users/tdd540/Capstone_Project/downstream_cache/synthetic_lowres/conditional_ddpm_v3/0047.npz,v2,2027
conditional_ddpm_v3,0048,conditional_ddpm_v3_0048.nii.gz,/users/tdd540/Capstone_Project/evaluation_200/conditional_ddpm_v3/conditional_ddpm_v3_0048.nii.gz,/users/tdd540/Capstone_Project/downstream_cache/synthetic_lowres/conditional_ddpm_v3/0048.npz,v2,2027
conditional_ddpm_v3,0049,conditional_ddpm_v3_0049.nii.gz,/users/tdd540/Capstone_Project/evaluation_200/conditional_ddpm_v3/conditional_ddpm_v3_0049.nii.gz,/users/tdd540/Capstone_Project/downstream_cache/synthetic_lowres/conditional_ddpm_v3/0049.npz,v2,2027
conditional_ddpm_v3,0050,conditional_ddpm_v3_0050.nii.gz,/users/tdd540/Capstone_Project/evaluation_200/conditional_ddpm_v3/conditional_ddpm_v3_0050.nii.gz,/users/tdd540/Capstone_Project/downstream_cache/synthetic_lowres/conditional_ddpm_v3/0050.npz,v2,2027
conditional_ddpm_v3,0051,conditional_ddpm_v3_0051.nii.gz,/users/tdd540/Capstone_Project/evaluation_200/conditional_ddpm_v3/conditional_ddpm_v3_0051.nii.gz,/users/tdd540/Capstone_Project/downstream_cache/synthetic_lowres/conditional_ddpm_v3/0051.npz,v2,2027
conditional_ddpm_v3,0052,conditional_ddpm_v3_0052.nii.gz,/users/tdd540/Capstone_Project/evaluation_200/conditional_ddpm_v3/conditional_ddpm_v3_0052.nii.gz,/users/tdd540/Capstone_Project/downstream_cache/synthetic_lowres/conditional_ddpm_v3/0052.npz,v2,2027
conditional_ddpm_v3,0053,conditional_ddpm_v3_0053.nii.gz,/users/tdd540/Capstone_Project/evaluation_200/conditional_ddpm_v3/conditional_ddpm_v3_0053.nii.gz,/users/tdd540/Capstone_Project/downstream_cache/synthetic_lowres/conditional_ddpm_v3/0053.npz,v2,2027
conditional_ddpm_v3,0054,conditional_ddpm_v3_0054.nii.gz,/users/tdd540/Capstone_Project/evaluation_200/conditional_ddpm_v3/conditional_ddpm_v3_0054.nii.gz,/users/tdd540/Capstone_Project/downstream_cache/synthetic_lowres/conditional_ddpm_v3/0054.npz,v2,2027
conditional_ddpm_v3,0055,conditional_ddpm_v3_0055.nii.gz,/users/tdd540/Capstone_Project/evaluation_200/conditional_ddpm_v3/conditional_ddpm_v3_0055.nii.gz,/users/tdd540/Capstone_Project/downstream_cache/synthetic_lowres/conditional_ddpm_v3/0055.npz,v2,2027
conditional_ddpm_v3,0056,conditional_ddpm_v3_0056.nii.gz,/users/tdd540/Capstone_Project/evaluation_200/conditional_ddpm_v3/conditional_ddpm_v3_0056.nii.gz,/users/tdd540/Capstone_Project/downstream_cache/synthetic_lowres/conditional_ddpm_v3/0056.npz,v2,2027
conditional_ddpm_v3,0057,conditional_ddpm_v3_0057.nii.gz,/users/tdd540/Capstone_Project/evaluation_200/conditional_ddpm_v3/conditional_ddpm_v3_0057.nii.gz,/users/tdd540/Capstone_Project/downstream_cache/synthetic_lowres/conditional_ddpm_v3/0057.npz,v2,2027
conditional_ddpm_v3,0058,conditional_ddpm_v3_0058.nii.gz,/users/tdd540/Capstone_Project/evaluation_200/conditional_ddpm_v3/conditional_ddpm_v3_0058.nii.gz,/users/tdd540/Capstone_Project/downstream_cache/synthetic_lowres/conditional_ddpm_v3/0058.npz,v2,2027
conditional_ddpm_v3,0059,conditional_ddpm_v3_0059.nii.gz,/users/tdd540/Capstone_Project/evaluation_200/conditional_ddpm_v3/conditional_ddpm_v3_0059.nii.gz,/users/tdd540/Capstone_Project/downstream_cache/synthetic_lowres/conditional_ddpm_v3/0059.npz,v2,2027
conditional_ddpm_v3,0060,conditional_ddpm_v3_0060.nii.gz,/users/tdd540/Capstone_Project/evaluation_200/conditional_ddpm_v3/conditional_ddpm_v3_0060.nii.gz,/users/tdd540/Capstone_Project/downstream_cache/synthetic_lowres/conditional_ddpm_v3/0060.npz,v2,2027
conditional_ddpm_v3,0061,conditional_ddpm_v3_0061.nii.gz,/users/tdd540/Capstone_Project/evaluation_200/conditional_ddpm_v3/conditional_ddpm_v3_0061.nii.gz,/users/tdd540/Capstone_Project/downstream_cache/synthetic_lowres/conditional_ddpm_v3/0061.npz,v2,2027
conditional_ddpm_v3,0062,conditional_ddpm_v3_0062.nii.gz,/users/tdd540/Capstone_Project/evaluation_200/conditional_ddpm_v3/conditional_ddpm_v3_0062.nii.gz,/users/tdd540/Capstone_Project/downstream_cache/synthetic_lowres/conditional_ddpm_v3/0062.npz,v2,2027
conditional_ddpm_v3,0063,conditional_ddpm_v3_0063.nii.gz,/users/tdd540/Capstone_Project/evaluation_200/conditional_ddpm_v3/conditional_ddpm_v3_0063.nii.gz,/users/tdd540/Capstone_Project/downstream_cache/synthetic_lowres/conditional_ddpm_v3/0063.npz,v2,2027
conditional_ddpm_v3,0064,conditional_ddpm_v3_0064.nii.gz,/users/tdd540/Capstone_Project/evaluation_200/conditional_ddpm_v3/conditional_ddpm_v3_0064.nii.gz,/users/tdd540/Capstone_Project/downstream_cache/synthetic_lowres/conditional_ddpm_v3/0064.npz,v2,2027
conditional_ddpm_v3,0065,conditional_ddpm_v3_0065.nii.gz,/users/tdd540/Capstone_Project/evaluation_200/conditional_ddpm_v3/conditional_ddpm_v3_0065.nii.gz,/users/tdd540/Capstone_Project/downstream_cache/synthetic_lowres/conditional_ddpm_v3/0065.npz,v2,2027
conditional_ddpm_v3,0066,conditional_ddpm_v3_0066.nii.gz,/users/tdd540/Capstone_Project/evaluation_200/conditional_ddpm_v3/conditional_ddpm_v3_0066.nii.gz,/users/tdd540/Capstone_Project/downstream_cache/synthetic_lowres/conditional_ddpm_v3/0066.npz,v2,2027
conditional_ddpm_v3,0067,conditional_ddpm_v3_0067.nii.gz,/users/tdd540/Capstone_Project/evaluation_200/conditional_ddpm_v3/conditional_ddpm_v3_0067.nii.gz,/users/tdd540/Capstone_Project/downstream_cache/synthetic_lowres/conditional_ddpm_v3/0067.npz,v2,2027
conditional_ddpm_v3,0068,conditional_ddpm_v3_0068.nii.gz,/users/tdd540/Capstone_Project/evaluation_200/conditional_ddpm_v3/conditional_ddpm_v3_0068.nii.gz,/users/tdd540/Capstone_Project/downstream_cache/synthetic_lowres/conditional_ddpm_v3/0068.npz,v2,2027
conditional_ddpm_v3,0069,conditional_ddpm_v3_0069.nii.gz,/users/tdd540/Capstone_Project/evaluation_200/conditional_ddpm_v3/conditional_ddpm_v3_0069.nii.gz,/users/tdd540/Capstone_Project/downstream_cache/synthetic_lowres/conditional_ddpm_v3/0069.npz,v2,2027
conditional_ddpm_v3,0070,conditional_ddpm_v3_0070.nii.gz,/users/tdd540/Capstone_Project/evaluation_200/conditional_ddpm_v3/conditional_ddpm_v3_0070.nii.gz,/users/tdd540/Capstone_Project/downstream_cache/synthetic_lowres/conditional_ddpm_v3/0070.npz,v2,2027
conditional_ddpm_v3,0071,conditional_ddpm_v3_0071.nii.gz,/users/tdd540/Capstone_Project/evaluation_200/conditional_ddpm_v3/conditional_ddpm_v3_0071.nii.gz,/users/tdd540/Capstone_Project/downstream_cache/synthetic_lowres/conditional_ddpm_v3/0071.npz,v2,2027
conditional_ddpm_v3,0072,conditional_ddpm_v3_0072.nii.gz,/users/tdd540/Capstone_Project/evaluation_200/conditional_ddpm_v3/conditional_ddpm_v3_0072.nii.gz,/users/tdd540/Capstone_Project/downstream_cache/synthetic_lowres/conditional_ddpm_v3/0072.npz,v2,2027
conditional_ddpm_v3,0073,conditional_ddpm_v3_0073.nii.gz,/users/tdd540/Capstone_Project/evaluation_200/conditional_ddpm_v3/conditional_ddpm_v3_0073.nii.gz,/users/tdd540/Capstone_Project/downstream_cache/synthetic_lowres/conditional_ddpm_v3/0073.npz,v2,2027
conditional_ddpm_v3,0074,conditional_ddpm_v3_0074.nii.gz,/users/tdd540/Capstone_Project/evaluation_200/conditional_ddpm_v3/conditional_ddpm_v3_0074.nii.gz,/users/tdd540/Capstone_Project/downstream_cache/synthetic_lowres/conditional_ddpm_v3/0074.npz,v2,2027
conditional_ddpm_v3,0075,conditional_ddpm_v3_0075.nii.gz,/users/tdd540/Capstone_Project/evaluation_200/conditional_ddpm_v3/conditional_ddpm_v3_0075.nii.gz,/users/tdd540/Capstone_Project/downstream_cache/synthetic_lowres/conditional_ddpm_v3/0075.npz,v2,2027
conditional_ddpm_v3,0076,conditional_ddpm_v3_0076.nii.gz,/users/tdd540/Capstone_Project/evaluation_200/conditional_ddpm_v3/conditional_ddpm_v3_0076.nii.gz,/users/tdd540/Capstone_Project/downstream_cache/synthetic_lowres/conditional_ddpm_v3/0076.npz,v2,2027
conditional_ddpm_v3,0077,conditional_ddpm_v3_0077.nii.gz,/users/tdd540/Capstone_Project/evaluation_200/conditional_ddpm_v3/conditional_ddpm_v3_0077.nii.gz,/users/tdd540/Capstone_Project/downstream_cache/synthetic_lowres/conditional_ddpm_v3/0077.npz,v2,2027
conditional_ddpm_v3,0078,conditional_ddpm_v3_0078.nii.gz,/users/tdd540/Capstone_Project/evaluation_200/conditional_ddpm_v3/conditional_ddpm_v3_0078.nii.gz,/users/tdd540/Capstone_Project/downstream_cache/synthetic_lowres/conditional_ddpm_v3/0078.npz,v2,2027
conditional_ddpm_v3,0079,conditional_ddpm_v3_0079.nii.gz,/users/tdd540/Capstone_Project/evaluation_200/conditional_ddpm_v3/conditional_ddpm_v3_0079.nii.gz,/users/tdd540/Capstone_Project/downstream_cache/synthetic_lowres/conditional_ddpm_v3/0079.npz,v2,2027
conditional_ddpm_v3,0080,conditional_ddpm_v3_0080.nii.gz,/users/tdd540/Capstone_Project/evaluation_200/conditional_ddpm_v3/conditional_ddpm_v3_0080.nii.gz,/users/tdd540/Capstone_Project/downstream_cache/synthetic_lowres/conditional_ddpm_v3/0080.npz,v2,2027
conditional_ddpm_v3,0081,conditional_ddpm_v3_0081.nii.gz,/users/tdd540/Capstone_Project/evaluation_200/conditional_ddpm_v3/conditional_ddpm_v3_0081.nii.gz,/users/tdd540/Capstone_Project/downstream_cache/synthetic_lowres/conditional_ddpm_v3/0081.npz,v2,2027
conditional_ddpm_v3,0082,conditional_ddpm_v3_0082.nii.gz,/users/tdd540/Capstone_Project/evaluation_200/conditional_ddpm_v3/conditional_ddpm_v3_0082.nii.gz,/users/tdd540/Capstone_Project/downstream_cache/synthetic_lowres/conditional_ddpm_v3/0082.npz,v2,2027
conditional_ddpm_v3,0083,conditional_ddpm_v3_0083.nii.gz,/users/tdd540/Capstone_Project/evaluation_200/conditional_ddpm_v3/conditional_ddpm_v3_0083.nii.gz,/users/tdd540/Capstone_Project/downstream_cache/synthetic_lowres/conditional_ddpm_v3/0083.npz,v2,2027
conditional_ddpm_v3,0084,conditional_ddpm_v3_0084.nii.gz,/users/tdd540/Capstone_Project/evaluation_200/conditional_ddpm_v3/conditional_ddpm_v3_0084.nii.gz,/users/tdd540/Capstone_Project/downstream_cache/synthetic_lowres/conditional_ddpm_v3/0084.npz,v2,2027
conditional_ddpm_v3,0085,conditional_ddpm_v3_0085.nii.gz,/users/tdd540/Capstone_Project/evaluation_200/conditional_ddpm_v3/conditional_ddpm_v3_0085.nii.gz,/users/tdd540/Capstone_Project/downstream_cache/synthetic_lowres/conditional_ddpm_v3/0085.npz,v2,2027
conditional_ddpm_v3,0086,conditional_ddpm_v3_0086.nii.gz,/users/tdd540/Capstone_Project/evaluation_200/conditional_ddpm_v3/conditional_ddpm_v3_0086.nii.gz,/users/tdd540/Capstone_Project/downstream_cache/synthetic_lowres/conditional_ddpm_v3/0086.npz,v2,2027
conditional_ddpm_v3,0087,conditional_ddpm_v3_0087.nii.gz,/users/tdd540/Capstone_Project/evaluation_200/conditional_ddpm_v3/conditional_ddpm_v3_0087.nii.gz,/users/tdd540/Capstone_Project/downstream_cache/synthetic_lowres/conditional_ddpm_v3/0087.npz,v2,2027
conditional_ddpm_v3,0088,conditional_ddpm_v3_0088.nii.gz,/users/tdd540/Capstone_Project/evaluation_200/conditional_ddpm_v3/conditional_ddpm_v3_0088.nii.gz,/users/tdd540/Capstone_Project/downstream_cache/synthetic_lowres/conditional_ddpm_v3/0088.npz,v2,2027
conditional_ddpm_v3,0089,conditional_ddpm_v3_0089.nii.gz,/users/tdd540/Capstone_Project/evaluation_200/conditional_ddpm_v3/conditional_ddpm_v3_0089.nii.gz,/users/tdd540/Capstone_Project/downstream_cache/synthetic_lowres/conditional_ddpm_v3/0089.npz,v2,2027
conditional_ddpm_v3,0090,conditional_ddpm_v3_0090.nii.gz,/users/tdd540/Capstone_Project/evaluation_200/conditional_ddpm_v3/conditional_ddpm_v3_0090.nii.gz,/users/tdd540/Capstone_Project/downstream_cache/synthetic_lowres/conditional_ddpm_v3/0090.npz,v2,2027
conditional_ddpm_v3,0091,conditional_ddpm_v3_0091.nii.gz,/users/tdd540/Capstone_Project/evaluation_200/conditional_ddpm_v3/conditional_ddpm_v3_0091.nii.gz,/users/tdd540/Capstone_Project/downstream_cache/synthetic_lowres/conditional_ddpm_v3/0091.npz,v2,2027
conditional_ddpm_v3,0092,conditional_ddpm_v3_0092.nii.gz,/users/tdd540/Capstone_Project/evaluation_200/conditional_ddpm_v3/conditional_ddpm_v3_0092.nii.gz,/users/tdd540/Capstone_Project/downstream_cache/synthetic_lowres/conditional_ddpm_v3/0092.npz,v2,2027
conditional_ddpm_v3,0093,conditional_ddpm_v3_0093.nii.gz,/users/tdd540/Capstone_Project/evaluation_200/conditional_ddpm_v3/conditional_ddpm_v3_0093.nii.gz,/users/tdd540/Capstone_Project/downstream_cache/synthetic_lowres/conditional_ddpm_v3/0093.npz,v2,2027
conditional_ddpm_v3,0094,conditional_ddpm_v3_0094.nii.gz,/users/tdd540/Capstone_Project/evaluation_200/conditional_ddpm_v3/conditional_ddpm_v3_0094.nii.gz,/users/tdd540/Capstone_Project/downstream_cache/synthetic_lowres/conditional_ddpm_v3/0094.npz,v2,2027
conditional_ddpm_v3,0095,conditional_ddpm_v3_0095.nii.gz,/users/tdd540/Capstone_Project/evaluation_200/conditional_ddpm_v3/conditional_ddpm_v3_0095.nii.gz,/users/tdd540/Capstone_Project/downstream_cache/synthetic_lowres/conditional_ddpm_v3/0095.npz,v2,2027
conditional_ddpm_v3,0096,conditional_ddpm_v3_0096.nii.gz,/users/tdd540/Capstone_Project/evaluation_200/conditional_ddpm_v3/conditional_ddpm_v3_0096.nii.gz,/users/tdd540/Capstone_Project/downstream_cache/synthetic_lowres/conditional_ddpm_v3/0096.npz,v2,2027
conditional_ddpm_v3,0097,conditional_ddpm_v3_0097.nii.gz,/users/tdd540/Capstone_Project/evaluation_200/conditional_ddpm_v3/conditional_ddpm_v3_0097.nii.gz,/users/tdd540/Capstone_Project/downstream_cache/synthetic_lowres/conditional_ddpm_v3/0097.npz,v2,2027
conditional_ddpm_v3,0098,conditional_ddpm_v3_0098.nii.gz,/users/tdd540/Capstone_Project/evaluation_200/conditional_ddpm_v3/conditional_ddpm_v3_0098.nii.gz,/users/tdd540/Capstone_Project/downstream_cache/synthetic_lowres/conditional_ddpm_v3/0098.npz,v2,2027
conditional_ddpm_v3,0099,conditional_ddpm_v3_0099.nii.gz,/users/tdd540/Capstone_Project/evaluation_200/conditional_ddpm_v3/conditional_ddpm_v3_0099.nii.gz,/users/tdd540/Capstone_Project/downstream_cache/synthetic_lowres/conditional_ddpm_v3/0099.npz,v2,2027
conditional_ddpm_v3,0100,conditional_ddpm_v3_0100.nii.gz,/users/tdd540/Capstone_Project/evaluation_200/conditional_ddpm_v3/conditional_ddpm_v3_0100.nii.gz,/users/tdd540/Capstone_Project/downstream_cache/synthetic_lowres/conditional_ddpm_v3/0100.npz,v2,2027
conditional_ddpm_v3,0101,conditional_ddpm_v3_0101.nii.gz,/users/tdd540/Capstone_Project/evaluation_200/conditional_ddpm_v3/conditional_ddpm_v3_0101.nii.gz,/users/tdd540/Capstone_Project/downstream_cache/synthetic_lowres/conditional_ddpm_v3/0101.npz,v2,2027
conditional_ddpm_v3,0102,conditional_ddpm_v3_0102.nii.gz,/users/tdd540/Capstone_Project/evaluation_200/conditional_ddpm_v3/conditional_ddpm_v3_0102.nii.gz,/users/tdd540/Capstone_Project/downstream_cache/synthetic_lowres/conditional_ddpm_v3/0102.npz,v2,2027
conditional_ddpm_v3,0103,conditional_ddpm_v3_0103.nii.gz,/users/tdd540/Capstone_Project/evaluation_200/conditional_ddpm_v3/conditional_ddpm_v3_0103.nii.gz,/users/tdd540/Capstone_Project/downstream_cache/synthetic_lowres/conditional_ddpm_v3/0103.npz,v2,2027
conditional_ddpm_v3,0104,conditional_ddpm_v3_0104.nii.gz,/users/tdd540/Capstone_Project/evaluation_200/conditional_ddpm_v3/conditional_ddpm_v3_0104.nii.gz,/users/tdd540/Capstone_Project/downstream_cache/synthetic_lowres/conditional_ddpm_v3/0104.npz,v2,2027
conditional_ddpm_v3,0105,conditional_ddpm_v3_0105.nii.gz,/users/tdd540/Capstone_Project/evaluation_200/conditional_ddpm_v3/conditional_ddpm_v3_0105.nii.gz,/users/tdd540/Capstone_Project/downstream_cache/synthetic_lowres/conditional_ddpm_v3/0105.npz,v2,2027
conditional_ddpm_v3,0106,conditional_ddpm_v3_0106.nii.gz,/users/tdd540/Capstone_Project/evaluation_200/conditional_ddpm_v3/conditional_ddpm_v3_0106.nii.gz,/users/tdd540/Capstone_Project/downstream_cache/synthetic_lowres/conditional_ddpm_v3/0106.npz,v2,2027
conditional_ddpm_v3,0107,conditional_ddpm_v3_0107.nii.gz,/users/tdd540/Capstone_Project/evaluation_200/conditional_ddpm_v3/conditional_ddpm_v3_0107.nii.gz,/users/tdd540/Capstone_Project/downstream_cache/synthetic_lowres/conditional_ddpm_v3/0107.npz,v2,2027
conditional_ddpm_v3,0108,conditional_ddpm_v3_0108.nii.gz,/users/tdd540/Capstone_Project/evaluation_200/conditional_ddpm_v3/conditional_ddpm_v3_0108.nii.gz,/users/tdd540/Capstone_Project/downstream_cache/synthetic_lowres/conditional_ddpm_v3/0108.npz,v2,2027
conditional_ddpm_v3,0109,conditional_ddpm_v3_0109.nii.gz,/users/tdd540/Capstone_Project/evaluation_200/conditional_ddpm_v3/conditional_ddpm_v3_0109.nii.gz,/users/tdd540/Capstone_Project/downstream_cache/synthetic_lowres/conditional_ddpm_v3/0109.npz,v2,2027
conditional_ddpm_v3,0110,conditional_ddpm_v3_0110.nii.gz,/users/tdd540/Capstone_Project/evaluation_200/conditional_ddpm_v3/conditional_ddpm_v3_0110.nii.gz,/users/tdd540/Capstone_Project/downstream_cache/synthetic_lowres/conditional_ddpm_v3/0110.npz,v2,2027
conditional_ddpm_v3,0111,conditional_ddpm_v3_0111.nii.gz,/users/tdd540/Capstone_Project/evaluation_200/conditional_ddpm_v3/conditional_ddpm_v3_0111.nii.gz,/users/tdd540/Capstone_Project/downstream_cache/synthetic_lowres/conditional_ddpm_v3/0111.npz,v2,2027
conditional_ddpm_v3,0112,conditional_ddpm_v3_0112.nii.gz,/users/tdd540/Capstone_Project/evaluation_200/conditional_ddpm_v3/conditional_ddpm_v3_0112.nii.gz,/users/tdd540/Capstone_Project/downstream_cache/synthetic_lowres/conditional_ddpm_v3/0112.npz,v2,2027
conditional_ddpm_v3,0113,conditional_ddpm_v3_0113.nii.gz,/users/tdd540/Capstone_Project/evaluation_200/conditional_ddpm_v3/conditional_ddpm_v3_0113.nii.gz,/users/tdd540/Capstone_Project/downstream_cache/synthetic_lowres/conditional_ddpm_v3/0113.npz,v2,2027
conditional_ddpm_v3,0114,conditional_ddpm_v3_0114.nii.gz,/users/tdd540/Capstone_Project/evaluation_200/conditional_ddpm_v3/conditional_ddpm_v3_0114.nii.gz,/users/tdd540/Capstone_Project/downstream_cache/synthetic_lowres/conditional_ddpm_v3/0114.npz,v2,2027
conditional_ddpm_v3,0115,conditional_ddpm_v3_0115.nii.gz,/users/tdd540/Capstone_Project/evaluation_200/conditional_ddpm_v3/conditional_ddpm_v3_0115.nii.gz,/users/tdd540/Capstone_Project/downstream_cache/synthetic_lowres/conditional_ddpm_v3/0115.npz,v2,2027
conditional_ddpm_v3,0116,conditional_ddpm_v3_0116.nii.gz,/users/tdd540/Capstone_Project/evaluation_200/conditional_ddpm_v3/conditional_ddpm_v3_0116.nii.gz,/users/tdd540/Capstone_Project/downstream_cache/synthetic_lowres/conditional_ddpm_v3/0116.npz,v2,2027
conditional_ddpm_v3,0117,conditional_ddpm_v3_0117.nii.gz,/users/tdd540/Capstone_Project/evaluation_200/conditional_ddpm_v3/conditional_ddpm_v3_0117.nii.gz,/users/tdd540/Capstone_Project/downstream_cache/synthetic_lowres/conditional_ddpm_v3/0117.npz,v2,2027
conditional_ddpm_v3,0118,conditional_ddpm_v3_0118.nii.gz,/users/tdd540/Capstone_Project/evaluation_200/conditional_ddpm_v3/conditional_ddpm_v3_0118.nii.gz,/users/tdd540/Capstone_Project/downstream_cache/synthetic_lowres/conditional_ddpm_v3/0118.npz,v2,2027
conditional_ddpm_v3,0119,conditional_ddpm_v3_0119.nii.gz,/users/tdd540/Capstone_Project/evaluation_200/conditional_ddpm_v3/conditional_ddpm_v3_0119.nii.gz,/users/tdd540/Capstone_Project/downstream_cache/synthetic_lowres/conditional_ddpm_v3/0119.npz,v2,2027
conditional_ddpm_v3,0120,conditional_ddpm_v3_0120.nii.gz,/users/tdd540/Capstone_Project/evaluation_200/conditional_ddpm_v3/conditional_ddpm_v3_0120.nii.gz,/users/tdd540/Capstone_Project/downstream_cache/synthetic_lowres/conditional_ddpm_v3/0120.npz,v2,2027
conditional_ddpm_v3,0121,conditional_ddpm_v3_0121.nii.gz,/users/tdd540/Capstone_Project/evaluation_200/conditional_ddpm_v3/conditional_ddpm_v3_0121.nii.gz,/users/tdd540/Capstone_Project/downstream_cache/synthetic_lowres/conditional_ddpm_v3/0121.npz,v2,2027
conditional_ddpm_v3,0122,conditional_ddpm_v3_0122.nii.gz,/users/tdd540/Capstone_Project/evaluation_200/conditional_ddpm_v3/conditional_ddpm_v3_0122.nii.gz,/users/tdd540/Capstone_Project/downstream_cache/synthetic_lowres/conditional_ddpm_v3/0122.npz,v2,2027
conditional_ddpm_v3,0123,conditional_ddpm_v3_0123.nii.gz,/users/tdd540/Capstone_Project/evaluation_200/conditional_ddpm_v3/conditional_ddpm_v3_0123.nii.gz,/users/tdd540/Capstone_Project/downstream_cache/synthetic_lowres/conditional_ddpm_v3/0123.npz,v2,2027
conditional_ddpm_v3,0124,conditional_ddpm_v3_0124.nii.gz,/users/tdd540/Capstone_Project/evaluation_200/conditional_ddpm_v3/conditional_ddpm_v3_0124.nii.gz,/users/tdd540/Capstone_Project/downstream_cache/synthetic_lowres/conditional_ddpm_v3/0124.npz,v2,2027
conditional_ddpm_v3,0125,conditional_ddpm_v3_0125.nii.gz,/users/tdd540/Capstone_Project/evaluation_200/conditional_ddpm_v3/conditional_ddpm_v3_0125.nii.gz,/users/tdd540/Capstone_Project/downstream_cache/synthetic_lowres/conditional_ddpm_v3/0125.npz,v2,2027
conditional_ddpm_v3,0126,conditional_ddpm_v3_0126.nii.gz,/users/tdd540/Capstone_Project/evaluation_200/conditional_ddpm_v3/conditional_ddpm_v3_0126.nii.gz,/users/tdd540/Capstone_Project/downstream_cache/synthetic_lowres/conditional_ddpm_v3/0126.npz,v2,2027
conditional_ddpm_v3,0127,conditional_ddpm_v3_0127.nii.gz,/users/tdd540/Capstone_Project/evaluation_200/conditional_ddpm_v3/conditional_ddpm_v3_0127.nii.gz,/users/tdd540/Capstone_Project/downstream_cache/synthetic_lowres/conditional_ddpm_v3/0127.npz,v2,2027
conditional_ddpm_v3,0128,conditional_ddpm_v3_0128.nii.gz,/users/tdd540/Capstone_Project/evaluation_200/conditional_ddpm_v3/conditional_ddpm_v3_0128.nii.gz,/users/tdd540/Capstone_Project/downstream_cache/synthetic_lowres/conditional_ddpm_v3/0128.npz,v2,2027
conditional_ddpm_v3,0129,conditional_ddpm_v3_0129.nii.gz,/users/tdd540/Capstone_Project/evaluation_200/conditional_ddpm_v3/conditional_ddpm_v3_0129.nii.gz,/users/tdd540/Capstone_Project/downstream_cache/synthetic_lowres/conditional_ddpm_v3/0129.npz,v2,2027
conditional_ddpm_v3,0130,conditional_ddpm_v3_0130.nii.gz,/users/tdd540/Capstone_Project/evaluation_200/conditional_ddpm_v3/conditional_ddpm_v3_0130.nii.gz,/users/tdd540/Capstone_Project/downstream_cache/synthetic_lowres/conditional_ddpm_v3/0130.npz,v2,2027
conditional_ddpm_v3,0131,conditional_ddpm_v3_0131.nii.gz,/users/tdd540/Capstone_Project/evaluation_200/conditional_ddpm_v3/conditional_ddpm_v3_0131.nii.gz,/users/tdd540/Capstone_Project/downstream_cache/synthetic_lowres/conditional_ddpm_v3/0131.npz,v2,2027
conditional_ddpm_v3,0132,conditional_ddpm_v3_0132.nii.gz,/users/tdd540/Capstone_Project/evaluation_200/conditional_ddpm_v3/conditional_ddpm_v3_0132.nii.gz,/users/tdd540/Capstone_Project/downstream_cache/synthetic_lowres/conditional_ddpm_v3/0132.npz,v2,2027
conditional_ddpm_v3,0133,conditional_ddpm_v3_0133.nii.gz,/users/tdd540/Capstone_Project/evaluation_200/conditional_ddpm_v3/conditional_ddpm_v3_0133.nii.gz,/users/tdd540/Capstone_Project/downstream_cache/synthetic_lowres/conditional_ddpm_v3/0133.npz,v2,2027
conditional_ddpm_v3,0134,conditional_ddpm_v3_0134.nii.gz,/users/tdd540/Capstone_Project/evaluation_200/conditional_ddpm_v3/conditional_ddpm_v3_0134.nii.gz,/users/tdd540/Capstone_Project/downstream_cache/synthetic_lowres/conditional_ddpm_v3/0134.npz,v2,2027
conditional_ddpm_v3,0135,conditional_ddpm_v3_0135.nii.gz,/users/tdd540/Capstone_Project/evaluation_200/conditional_ddpm_v3/conditional_ddpm_v3_0135.nii.gz,/users/tdd540/Capstone_Project/downstream_cache/synthetic_lowres/conditional_ddpm_v3/0135.npz,v2,2027
conditional_ddpm_v3,0136,conditional_ddpm_v3_0136.nii.gz,/users/tdd540/Capstone_Project/evaluation_200/conditional_ddpm_v3/conditional_ddpm_v3_0136.nii.gz,/users/tdd540/Capstone_Project/downstream_cache/synthetic_lowres/conditional_ddpm_v3/0136.npz,v2,2027
conditional_ddpm_v3,0137,conditional_ddpm_v3_0137.nii.gz,/users/tdd540/Capstone_Project/evaluation_200/conditional_ddpm_v3/conditional_ddpm_v3_0137.nii.gz,/users/tdd540/Capstone_Project/downstream_cache/synthetic_lowres/conditional_ddpm_v3/0137.npz,v2,2027
conditional_ddpm_v3,0138,conditional_ddpm_v3_0138.nii.gz,/users/tdd540/Capstone_Project/evaluation_200/conditional_ddpm_v3/conditional_ddpm_v3_0138.nii.gz,/users/tdd540/Capstone_Project/downstream_cache/synthetic_lowres/conditional_ddpm_v3/0138.npz,v2,2027
conditional_ddpm_v3,0139,conditional_ddpm_v3_0139.nii.gz,/users/tdd540/Capstone_Project/evaluation_200/conditional_ddpm_v3/conditional_ddpm_v3_0139.nii.gz,/users/tdd540/Capstone_Project/downstream_cache/synthetic_lowres/conditional_ddpm_v3/0139.npz,v2,2027
conditional_ddpm_v3,0140,conditional_ddpm_v3_0140.nii.gz,/users/tdd540/Capstone_Project/evaluation_200/conditional_ddpm_v3/conditional_ddpm_v3_0140.nii.gz,/users/tdd540/Capstone_Project/downstream_cache/synthetic_lowres/conditional_ddpm_v3/0140.npz,v2,2027
conditional_ddpm_v3,0141,conditional_ddpm_v3_0141.nii.gz,/users/tdd540/Capstone_Project/evaluation_200/conditional_ddpm_v3/conditional_ddpm_v3_0141.nii.gz,/users/tdd540/Capstone_Project/downstream_cache/synthetic_lowres/conditional_ddpm_v3/0141.npz,v2,2027
conditional_ddpm_v3,0142,conditional_ddpm_v3_0142.nii.gz,/users/tdd540/Capstone_Project/evaluation_200/conditional_ddpm_v3/conditional_ddpm_v3_0142.nii.gz,/users/tdd540/Capstone_Project/downstream_cache/synthetic_lowres/conditional_ddpm_v3/0142.npz,v2,2027
conditional_ddpm_v3,0143,conditional_ddpm_v3_0143.nii.gz,/users/tdd540/Capstone_Project/evaluation_200/conditional_ddpm_v3/conditional_ddpm_v3_0143.nii.gz,/users/tdd540/Capstone_Project/downstream_cache/synthetic_lowres/conditional_ddpm_v3/0143.npz,v2,2027
conditional_ddpm_v3,0144,conditional_ddpm_v3_0144.nii.gz,/users/tdd540/Capstone_Project/evaluation_200/conditional_ddpm_v3/conditional_ddpm_v3_0144.nii.gz,/users/tdd540/Capstone_Project/downstream_cache/synthetic_lowres/conditional_ddpm_v3/0144.npz,v2,2027
conditional_ddpm_v3,0145,conditional_ddpm_v3_0145.nii.gz,/users/tdd540/Capstone_Project/evaluation_200/conditional_ddpm_v3/conditional_ddpm_v3_0145.nii.gz,/users/tdd540/Capstone_Project/downstream_cache/synthetic_lowres/conditional_ddpm_v3/0145.npz,v2,2027
conditional_ddpm_v3,0146,conditional_ddpm_v3_0146.nii.gz,/users/tdd540/Capstone_Project/evaluation_200/conditional_ddpm_v3/conditional_ddpm_v3_0146.nii.gz,/users/tdd540/Capstone_Project/downstream_cache/synthetic_lowres/conditional_ddpm_v3/0146.npz,v2,2027
conditional_ddpm_v3,0147,conditional_ddpm_v3_0147.nii.gz,/users/tdd540/Capstone_Project/evaluation_200/conditional_ddpm_v3/conditional_ddpm_v3_0147.nii.gz,/users/tdd540/Capstone_Project/downstream_cache/synthetic_lowres/conditional_ddpm_v3/0147.npz,v2,2027
conditional_ddpm_v3,0148,conditional_ddpm_v3_0148.nii.gz,/users/tdd540/Capstone_Project/evaluation_200/conditional_ddpm_v3/conditional_ddpm_v3_0148.nii.gz,/users/tdd540/Capstone_Project/downstream_cache/synthetic_lowres/conditional_ddpm_v3/0148.npz,v2,2027
conditional_ddpm_v3,0149,conditional_ddpm_v3_0149.nii.gz,/users/tdd540/Capstone_Project/evaluation_200/conditional_ddpm_v3/conditional_ddpm_v3_0149.nii.gz,/users/tdd540/Capstone_Project/downstream_cache/synthetic_lowres/conditional_ddpm_v3/0149.npz,v2,2027
conditional_ddpm_v3,0150,conditional_ddpm_v3_0150.nii.gz,/users/tdd540/Capstone_Project/evaluation_200/conditional_ddpm_v3/conditional_ddpm_v3_0150.nii.gz,/users/tdd540/Capstone_Project/downstream_cache/synthetic_lowres/conditional_ddpm_v3/0150.npz,v2,2027
conditional_ddpm_v3,0151,conditional_ddpm_v3_0151.nii.gz,/users/tdd540/Capstone_Project/evaluation_200/conditional_ddpm_v3/conditional_ddpm_v3_0151.nii.gz,/users/tdd540/Capstone_Project/downstream_cache/synthetic_lowres/conditional_ddpm_v3/0151.npz,v2,2027
conditional_ddpm_v3,0152,conditional_ddpm_v3_0152.nii.gz,/users/tdd540/Capstone_Project/evaluation_200/conditional_ddpm_v3/conditional_ddpm_v3_0152.nii.gz,/users/tdd540/Capstone_Project/downstream_cache/synthetic_lowres/conditional_ddpm_v3/0152.npz,v2,2027
conditional_ddpm_v3,0153,conditional_ddpm_v3_0153.nii.gz,/users/tdd540/Capstone_Project/evaluation_200/conditional_ddpm_v3/conditional_ddpm_v3_0153.nii.gz,/users/tdd540/Capstone_Project/downstream_cache/synthetic_lowres/conditional_ddpm_v3/0153.npz,v2,2027
conditional_ddpm_v3,0154,conditional_ddpm_v3_0154.nii.gz,/users/tdd540/Capstone_Project/evaluation_200/conditional_ddpm_v3/conditional_ddpm_v3_0154.nii.gz,/users/tdd540/Capstone_Project/downstream_cache/synthetic_lowres/conditional_ddpm_v3/0154.npz,v2,2027
conditional_ddpm_v3,0155,conditional_ddpm_v3_0155.nii.gz,/users/tdd540/Capstone_Project/evaluation_200/conditional_ddpm_v3/conditional_ddpm_v3_0155.nii.gz,/users/tdd540/Capstone_Project/downstream_cache/synthetic_lowres/conditional_ddpm_v3/0155.npz,v2,2027
conditional_ddpm_v3,0156,conditional_ddpm_v3_0156.nii.gz,/users/tdd540/Capstone_Project/evaluation_200/conditional_ddpm_v3/conditional_ddpm_v3_0156.nii.gz,/users/tdd540/Capstone_Project/downstream_cache/synthetic_lowres/conditional_ddpm_v3/0156.npz,v2,2027
conditional_ddpm_v3,0157,conditional_ddpm_v3_0157.nii.gz,/users/tdd540/Capstone_Project/evaluation_200/conditional_ddpm_v3/conditional_ddpm_v3_0157.nii.gz,/users/tdd540/Capstone_Project/downstream_cache/synthetic_lowres/conditional_ddpm_v3/0157.npz,v2,2027
conditional_ddpm_v3,0158,conditional_ddpm_v3_0158.nii.gz,/users/tdd540/Capstone_Project/evaluation_200/conditional_ddpm_v3/conditional_ddpm_v3_0158.nii.gz,/users/tdd540/Capstone_Project/downstream_cache/synthetic_lowres/conditional_ddpm_v3/0158.npz,v2,2027
conditional_ddpm_v3,0159,conditional_ddpm_v3_0159.nii.gz,/users/tdd540/Capstone_Project/evaluation_200/conditional_ddpm_v3/conditional_ddpm_v3_0159.nii.gz,/users/tdd540/Capstone_Project/downstream_cache/synthetic_lowres/conditional_ddpm_v3/0159.npz,v2,2027
conditional_ddpm_v3,0160,conditional_ddpm_v3_0160.nii.gz,/users/tdd540/Capstone_Project/evaluation_200/conditional_ddpm_v3/conditional_ddpm_v3_0160.nii.gz,/users/tdd540/Capstone_Project/downstream_cache/synthetic_lowres/conditional_ddpm_v3/0160.npz,v2,2027
conditional_ddpm_v3,0161,conditional_ddpm_v3_0161.nii.gz,/users/tdd540/Capstone_Project/evaluation_200/conditional_ddpm_v3/conditional_ddpm_v3_0161.nii.gz,/users/tdd540/Capstone_Project/downstream_cache/synthetic_lowres/conditional_ddpm_v3/0161.npz,v2,2027
conditional_ddpm_v3,0162,conditional_ddpm_v3_0162.nii.gz,/users/tdd540/Capstone_Project/evaluation_200/conditional_ddpm_v3/conditional_ddpm_v3_0162.nii.gz,/users/tdd540/Capstone_Project/downstream_cache/synthetic_lowres/conditional_ddpm_v3/0162.npz,v2,2027
conditional_ddpm_v3,0163,conditional_ddpm_v3_0163.nii.gz,/users/tdd540/Capstone_Project/evaluation_200/conditional_ddpm_v3/conditional_ddpm_v3_0163.nii.gz,/users/tdd540/Capstone_Project/downstream_cache/synthetic_lowres/conditional_ddpm_v3/0163.npz,v2,2027
conditional_ddpm_v3,0164,conditional_ddpm_v3_0164.nii.gz,/users/tdd540/Capstone_Project/evaluation_200/conditional_ddpm_v3/conditional_ddpm_v3_0164.nii.gz,/users/tdd540/Capstone_Project/downstream_cache/synthetic_lowres/conditional_ddpm_v3/0164.npz,v2,2027
conditional_ddpm_v3,0165,conditional_ddpm_v3_0165.nii.gz,/users/tdd540/Capstone_Project/evaluation_200/conditional_ddpm_v3/conditional_ddpm_v3_0165.nii.gz,/users/tdd540/Capstone_Project/downstream_cache/synthetic_lowres/conditional_ddpm_v3/0165.npz,v2,2027
conditional_ddpm_v3,0166,conditional_ddpm_v3_0166.nii.gz,/users/tdd540/Capstone_Project/evaluation_200/conditional_ddpm_v3/conditional_ddpm_v3_0166.nii.gz,/users/tdd540/Capstone_Project/downstream_cache/synthetic_lowres/conditional_ddpm_v3/0166.npz,v2,2027
conditional_ddpm_v3,0167,conditional_ddpm_v3_0167.nii.gz,/users/tdd540/Capstone_Project/evaluation_200/conditional_ddpm_v3/conditional_ddpm_v3_0167.nii.gz,/users/tdd540/Capstone_Project/downstream_cache/synthetic_lowres/conditional_ddpm_v3/0167.npz,v2,2027
conditional_ddpm_v3,0168,conditional_ddpm_v3_0168.nii.gz,/users/tdd540/Capstone_Project/evaluation_200/conditional_ddpm_v3/conditional_ddpm_v3_0168.nii.gz,/users/tdd540/Capstone_Project/downstream_cache/synthetic_lowres/conditional_ddpm_v3/0168.npz,v2,2027
conditional_ddpm_v3,0169,conditional_ddpm_v3_0169.nii.gz,/users/tdd540/Capstone_Project/evaluation_200/conditional_ddpm_v3/conditional_ddpm_v3_0169.nii.gz,/users/tdd540/Capstone_Project/downstream_cache/synthetic_lowres/conditional_ddpm_v3/0169.npz,v2,2027
conditional_ddpm_v3,0170,conditional_ddpm_v3_0170.nii.gz,/users/tdd540/Capstone_Project/evaluation_200/conditional_ddpm_v3/conditional_ddpm_v3_0170.nii.gz,/users/tdd540/Capstone_Project/downstream_cache/synthetic_lowres/conditional_ddpm_v3/0170.npz,v2,2027
conditional_ddpm_v3,0171,conditional_ddpm_v3_0171.nii.gz,/users/tdd540/Capstone_Project/evaluation_200/conditional_ddpm_v3/conditional_ddpm_v3_0171.nii.gz,/users/tdd540/Capstone_Project/downstream_cache/synthetic_lowres/conditional_ddpm_v3/0171.npz,v2,2027
conditional_ddpm_v3,0172,conditional_ddpm_v3_0172.nii.gz,/users/tdd540/Capstone_Project/evaluation_200/conditional_ddpm_v3/conditional_ddpm_v3_0172.nii.gz,/users/tdd540/Capstone_Project/downstream_cache/synthetic_lowres/conditional_ddpm_v3/0172.npz,v2,2027
conditional_ddpm_v3,0173,conditional_ddpm_v3_0173.nii.gz,/users/tdd540/Capstone_Project/evaluation_200/conditional_ddpm_v3/conditional_ddpm_v3_0173.nii.gz,/users/tdd540/Capstone_Project/downstream_cache/synthetic_lowres/conditional_ddpm_v3/0173.npz,v2,2027
conditional_ddpm_v3,0174,conditional_ddpm_v3_0174.nii.gz,/users/tdd540/Capstone_Project/evaluation_200/conditional_ddpm_v3/conditional_ddpm_v3_0174.nii.gz,/users/tdd540/Capstone_Project/downstream_cache/synthetic_lowres/conditional_ddpm_v3/0174.npz,v2,2027
conditional_ddpm_v3,0175,conditional_ddpm_v3_0175.nii.gz,/users/tdd540/Capstone_Project/evaluation_200/conditional_ddpm_v3/conditional_ddpm_v3_0175.nii.gz,/users/tdd540/Capstone_Project/downstream_cache/synthetic_lowres/conditional_ddpm_v3/0175.npz,v2,2027
conditional_ddpm_v3,0176,conditional_ddpm_v3_0176.nii.gz,/users/tdd540/Capstone_Project/evaluation_200/conditional_ddpm_v3/conditional_ddpm_v3_0176.nii.gz,/users/tdd540/Capstone_Project/downstream_cache/synthetic_lowres/conditional_ddpm_v3/0176.npz,v2,2027
conditional_ddpm_v3,0177,conditional_ddpm_v3_0177.nii.gz,/users/tdd540/Capstone_Project/evaluation_200/conditional_ddpm_v3/conditional_ddpm_v3_0177.nii.gz,/users/tdd540/Capstone_Project/downstream_cache/synthetic_lowres/conditional_ddpm_v3/0177.npz,v2,2027
conditional_ddpm_v3,0178,conditional_ddpm_v3_0178.nii.gz,/users/tdd540/Capstone_Project/evaluation_200/conditional_ddpm_v3/conditional_ddpm_v3_0178.nii.gz,/users/tdd540/Capstone_Project/downstream_cache/synthetic_lowres/conditional_ddpm_v3/0178.npz,v2,2027
conditional_ddpm_v3,0179,conditional_ddpm_v3_0179.nii.gz,/users/tdd540/Capstone_Project/evaluation_200/conditional_ddpm_v3/conditional_ddpm_v3_0179.nii.gz,/users/tdd540/Capstone_Project/downstream_cache/synthetic_lowres/conditional_ddpm_v3/0179.npz,v2,2027
conditional_ddpm_v3,0180,conditional_ddpm_v3_0180.nii.gz,/users/tdd540/Capstone_Project/evaluation_200/conditional_ddpm_v3/conditional_ddpm_v3_0180.nii.gz,/users/tdd540/Capstone_Project/downstream_cache/synthetic_lowres/conditional_ddpm_v3/0180.npz,v2,2027
conditional_ddpm_v3,0181,conditional_ddpm_v3_0181.nii.gz,/users/tdd540/Capstone_Project/evaluation_200/conditional_ddpm_v3/conditional_ddpm_v3_0181.nii.gz,/users/tdd540/Capstone_Project/downstream_cache/synthetic_lowres/conditional_ddpm_v3/0181.npz,v2,2027
conditional_ddpm_v3,0182,conditional_ddpm_v3_0182.nii.gz,/users/tdd540/Capstone_Project/evaluation_200/conditional_ddpm_v3/conditional_ddpm_v3_0182.nii.gz,/users/tdd540/Capstone_Project/downstream_cache/synthetic_lowres/conditional_ddpm_v3/0182.npz,v2,2027
conditional_ddpm_v3,0183,conditional_ddpm_v3_0183.nii.gz,/users/tdd540/Capstone_Project/evaluation_200/conditional_ddpm_v3/conditional_ddpm_v3_0183.nii.gz,/users/tdd540/Capstone_Project/downstream_cache/synthetic_lowres/conditional_ddpm_v3/0183.npz,v2,2027
conditional_ddpm_v3,0184,conditional_ddpm_v3_0184.nii.gz,/users/tdd540/Capstone_Project/evaluation_200/conditional_ddpm_v3/conditional_ddpm_v3_0184.nii.gz,/users/tdd540/Capstone_Project/downstream_cache/synthetic_lowres/conditional_ddpm_v3/0184.npz,v2,2027
conditional_ddpm_v3,0185,conditional_ddpm_v3_0185.nii.gz,/users/tdd540/Capstone_Project/evaluation_200/conditional_ddpm_v3/conditional_ddpm_v3_0185.nii.gz,/users/tdd540/Capstone_Project/downstream_cache/synthetic_lowres/conditional_ddpm_v3/0185.npz,v2,2027
conditional_ddpm_v3,0186,conditional_ddpm_v3_0186.nii.gz,/users/tdd540/Capstone_Project/evaluation_200/conditional_ddpm_v3/conditional_ddpm_v3_0186.nii.gz,/users/tdd540/Capstone_Project/downstream_cache/synthetic_lowres/conditional_ddpm_v3/0186.npz,v2,2027
conditional_ddpm_v3,0187,conditional_ddpm_v3_0187.nii.gz,/users/tdd540/Capstone_Project/evaluation_200/conditional_ddpm_v3/conditional_ddpm_v3_0187.nii.gz,/users/tdd540/Capstone_Project/downstream_cache/synthetic_lowres/conditional_ddpm_v3/0187.npz,v2,2027
conditional_ddpm_v3,0188,conditional_ddpm_v3_0188.nii.gz,/users/tdd540/Capstone_Project/evaluation_200/conditional_ddpm_v3/conditional_ddpm_v3_0188.nii.gz,/users/tdd540/Capstone_Project/downstream_cache/synthetic_lowres/conditional_ddpm_v3/0188.npz,v2,2027
conditional_ddpm_v3,0189,conditional_ddpm_v3_0189.nii.gz,/users/tdd540/Capstone_Project/evaluation_200/conditional_ddpm_v3/conditional_ddpm_v3_0189.nii.gz,/users/tdd540/Capstone_Project/downstream_cache/synthetic_lowres/conditional_ddpm_v3/0189.npz,v2,2027
conditional_ddpm_v3,0190,conditional_ddpm_v3_0190.nii.gz,/users/tdd540/Capstone_Project/evaluation_200/conditional_ddpm_v3/conditional_ddpm_v3_0190.nii.gz,/users/tdd540/Capstone_Project/downstream_cache/synthetic_lowres/conditional_ddpm_v3/0190.npz,v2,2027
conditional_ddpm_v3,0191,conditional_ddpm_v3_0191.nii.gz,/users/tdd540/Capstone_Project/evaluation_200/conditional_ddpm_v3/conditional_ddpm_v3_0191.nii.gz,/users/tdd540/Capstone_Project/downstream_cache/synthetic_lowres/conditional_ddpm_v3/0191.npz,v2,2027
conditional_ddpm_v3,0192,conditional_ddpm_v3_0192.nii.gz,/users/tdd540/Capstone_Project/evaluation_200/conditional_ddpm_v3/conditional_ddpm_v3_0192.nii.gz,/users/tdd540/Capstone_Project/downstream_cache/synthetic_lowres/conditional_ddpm_v3/0192.npz,v2,2027
conditional_ddpm_v3,0193,conditional_ddpm_v3_0193.nii.gz,/users/tdd540/Capstone_Project/evaluation_200/conditional_ddpm_v3/conditional_ddpm_v3_0193.nii.gz,/users/tdd540/Capstone_Project/downstream_cache/synthetic_lowres/conditional_ddpm_v3/0193.npz,v2,2027
conditional_ddpm_v3,0194,conditional_ddpm_v3_0194.nii.gz,/users/tdd540/Capstone_Project/evaluation_200/conditional_ddpm_v3/conditional_ddpm_v3_0194.nii.gz,/users/tdd540/Capstone_Project/downstream_cache/synthetic_lowres/conditional_ddpm_v3/0194.npz,v2,2027
conditional_ddpm_v3,0195,conditional_ddpm_v3_0195.nii.gz,/users/tdd540/Capstone_Project/evaluation_200/conditional_ddpm_v3/conditional_ddpm_v3_0195.nii.gz,/users/tdd540/Capstone_Project/downstream_cache/synthetic_lowres/conditional_ddpm_v3/0195.npz,v2,2027
conditional_ddpm_v3,0196,conditional_ddpm_v3_0196.nii.gz,/users/tdd540/Capstone_Project/evaluation_200/conditional_ddpm_v3/conditional_ddpm_v3_0196.nii.gz,/users/tdd540/Capstone_Project/downstream_cache/synthetic_lowres/conditional_ddpm_v3/0196.npz,v2,2027
conditional_ddpm_v3,0197,conditional_ddpm_v3_0197.nii.gz,/users/tdd540/Capstone_Project/evaluation_200/conditional_ddpm_v3/conditional_ddpm_v3_0197.nii.gz,/users/tdd540/Capstone_Project/downstream_cache/synthetic_lowres/conditional_ddpm_v3/0197.npz,v2,2027
conditional_ddpm_v3,0198,conditional_ddpm_v3_0198.nii.gz,/users/tdd540/Capstone_Project/evaluation_200/conditional_ddpm_v3/conditional_ddpm_v3_0198.nii.gz,/users/tdd540/Capstone_Project/downstream_cache/synthetic_lowres/conditional_ddpm_v3/0198.npz,v2,2027
conditional_ddpm_v3,0199,conditional_ddpm_v3_0199.nii.gz,/users/tdd540/Capstone_Project/evaluation_200/conditional_ddpm_v3/conditional_ddpm_v3_0199.nii.gz,/users/tdd540/Capstone_Project/downstream_cache/synthetic_lowres/conditional_ddpm_v3/0199.npz,v2,2027
conditional_ldm_v4,0000,conditional_ldm_v4_0000.nii.gz,/users/tdd540/Capstone_Project/evaluation_200/conditional_ldm_v4/conditional_ldm_v4_0000.nii.gz,/users/tdd540/Capstone_Project/downstream_cache/synthetic_lowres/conditional_ldm_v4/0000.npz,v2,2027
conditional_ldm_v4,0001,conditional_ldm_v4_0001.nii.gz,/users/tdd540/Capstone_Project/evaluation_200/conditional_ldm_v4/conditional_ldm_v4_0001.nii.gz,/users/tdd540/Capstone_Project/downstream_cache/synthetic_lowres/conditional_ldm_v4/0001.npz,v2,2027
conditional_ldm_v4,0002,conditional_ldm_v4_0002.nii.gz,/users/tdd540/Capstone_Project/evaluation_200/conditional_ldm_v4/conditional_ldm_v4_0002.nii.gz,/users/tdd540/Capstone_Project/downstream_cache/synthetic_lowres/conditional_ldm_v4/0002.npz,v2,2027
conditional_ldm_v4,0003,conditional_ldm_v4_0003.nii.gz,/users/tdd540/Capstone_Project/evaluation_200/conditional_ldm_v4/conditional_ldm_v4_0003.nii.gz,/users/tdd540/Capstone_Project/downstream_cache/synthetic_lowres/conditional_ldm_v4/0003.npz,v2,2027
conditional_ldm_v4,0004,conditional_ldm_v4_0004.nii.gz,/users/tdd540/Capstone_Project/evaluation_200/conditional_ldm_v4/conditional_ldm_v4_0004.nii.gz,/users/tdd540/Capstone_Project/downstream_cache/synthetic_lowres/conditional_ldm_v4/0004.npz,v2,2027
conditional_ldm_v4,0005,conditional_ldm_v4_0005.nii.gz,/users/tdd540/Capstone_Project/evaluation_200/conditional_ldm_v4/conditional_ldm_v4_0005.nii.gz,/users/tdd540/Capstone_Project/downstream_cache/synthetic_lowres/conditional_ldm_v4/0005.npz,v2,2027
conditional_ldm_v4,0006,conditional_ldm_v4_0006.nii.gz,/users/tdd540/Capstone_Project/evaluation_200/conditional_ldm_v4/conditional_ldm_v4_0006.nii.gz,/users/tdd540/Capstone_Project/downstream_cache/synthetic_lowres/conditional_ldm_v4/0006.npz,v2,2027
conditional_ldm_v4,0007,conditional_ldm_v4_0007.nii.gz,/users/tdd540/Capstone_Project/evaluation_200/conditional_ldm_v4/conditional_ldm_v4_0007.nii.gz,/users/tdd540/Capstone_Project/downstream_cache/synthetic_lowres/conditional_ldm_v4/0007.npz,v2,2027
conditional_ldm_v4,0008,conditional_ldm_v4_0008.nii.gz,/users/tdd540/Capstone_Project/evaluation_200/conditional_ldm_v4/conditional_ldm_v4_0008.nii.gz,/users/tdd540/Capstone_Project/downstream_cache/synthetic_lowres/conditional_ldm_v4/0008.npz,v2,2027
conditional_ldm_v4,0009,conditional_ldm_v4_0009.nii.gz,/users/tdd540/Capstone_Project/evaluation_200/conditional_ldm_v4/conditional_ldm_v4_0009.nii.gz,/users/tdd540/Capstone_Project/downstream_cache/synthetic_lowres/conditional_ldm_v4/0009.npz,v2,2027
conditional_ldm_v4,0010,conditional_ldm_v4_0010.nii.gz,/users/tdd540/Capstone_Project/evaluation_200/conditional_ldm_v4/conditional_ldm_v4_0010.nii.gz,/users/tdd540/Capstone_Project/downstream_cache/synthetic_lowres/conditional_ldm_v4/0010.npz,v2,2027
conditional_ldm_v4,0011,conditional_ldm_v4_0011.nii.gz,/users/tdd540/Capstone_Project/evaluation_200/conditional_ldm_v4/conditional_ldm_v4_0011.nii.gz,/users/tdd540/Capstone_Project/downstream_cache/synthetic_lowres/conditional_ldm_v4/0011.npz,v2,2027
conditional_ldm_v4,0012,conditional_ldm_v4_0012.nii.gz,/users/tdd540/Capstone_Project/evaluation_200/conditional_ldm_v4/conditional_ldm_v4_0012.nii.gz,/users/tdd540/Capstone_Project/downstream_cache/synthetic_lowres/conditional_ldm_v4/0012.npz,v2,2027
conditional_ldm_v4,0013,conditional_ldm_v4_0013.nii.gz,/users/tdd540/Capstone_Project/evaluation_200/conditional_ldm_v4/conditional_ldm_v4_0013.nii.gz,/users/tdd540/Capstone_Project/downstream_cache/synthetic_lowres/conditional_ldm_v4/0013.npz,v2,2027
conditional_ldm_v4,0014,conditional_ldm_v4_0014.nii.gz,/users/tdd540/Capstone_Project/evaluation_200/conditional_ldm_v4/conditional_ldm_v4_0014.nii.gz,/users/tdd540/Capstone_Project/downstream_cache/synthetic_lowres/conditional_ldm_v4/0014.npz,v2,2027
conditional_ldm_v4,0015,conditional_ldm_v4_0015.nii.gz,/users/tdd540/Capstone_Project/evaluation_200/conditional_ldm_v4/conditional_ldm_v4_0015.nii.gz,/users/tdd540/Capstone_Project/downstream_cache/synthetic_lowres/conditional_ldm_v4/0015.npz,v2,2027
conditional_ldm_v4,0016,conditional_ldm_v4_0016.nii.gz,/users/tdd540/Capstone_Project/evaluation_200/conditional_ldm_v4/conditional_ldm_v4_0016.nii.gz,/users/tdd540/Capstone_Project/downstream_cache/synthetic_lowres/conditional_ldm_v4/0016.npz,v2,2027
conditional_ldm_v4,0017,conditional_ldm_v4_0017.nii.gz,/users/tdd540/Capstone_Project/evaluation_200/conditional_ldm_v4/conditional_ldm_v4_0017.nii.gz,/users/tdd540/Capstone_Project/downstream_cache/synthetic_lowres/conditional_ldm_v4/0017.npz,v2,2027
conditional_ldm_v4,0018,conditional_ldm_v4_0018.nii.gz,/users/tdd540/Capstone_Project/evaluation_200/conditional_ldm_v4/conditional_ldm_v4_0018.nii.gz,/users/tdd540/Capstone_Project/downstream_cache/synthetic_lowres/conditional_ldm_v4/0018.npz,v2,2027
conditional_ldm_v4,0019,conditional_ldm_v4_0019.nii.gz,/users/tdd540/Capstone_Project/evaluation_200/conditional_ldm_v4/conditional_ldm_v4_0019.nii.gz,/users/tdd540/Capstone_Project/downstream_cache/synthetic_lowres/conditional_ldm_v4/0019.npz,v2,2027
conditional_ldm_v4,0020,conditional_ldm_v4_0020.nii.gz,/users/tdd540/Capstone_Project/evaluation_200/conditional_ldm_v4/conditional_ldm_v4_0020.nii.gz,/users/tdd540/Capstone_Project/downstream_cache/synthetic_lowres/conditional_ldm_v4/0020.npz,v2,2027
conditional_ldm_v4,0021,conditional_ldm_v4_0021.nii.gz,/users/tdd540/Capstone_Project/evaluation_200/conditional_ldm_v4/conditional_ldm_v4_0021.nii.gz,/users/tdd540/Capstone_Project/downstream_cache/synthetic_lowres/conditional_ldm_v4/0021.npz,v2,2027
conditional_ldm_v4,0022,conditional_ldm_v4_0022.nii.gz,/users/tdd540/Capstone_Project/evaluation_200/conditional_ldm_v4/conditional_ldm_v4_0022.nii.gz,/users/tdd540/Capstone_Project/downstream_cache/synthetic_lowres/conditional_ldm_v4/0022.npz,v2,2027
conditional_ldm_v4,0023,conditional_ldm_v4_0023.nii.gz,/users/tdd540/Capstone_Project/evaluation_200/conditional_ldm_v4/conditional_ldm_v4_0023.nii.gz,/users/tdd540/Capstone_Project/downstream_cache/synthetic_lowres/conditional_ldm_v4/0023.npz,v2,2027
conditional_ldm_v4,0024,conditional_ldm_v4_0024.nii.gz,/users/tdd540/Capstone_Project/evaluation_200/conditional_ldm_v4/conditional_ldm_v4_0024.nii.gz,/users/tdd540/Capstone_Project/downstream_cache/synthetic_lowres/conditional_ldm_v4/0024.npz,v2,2027
conditional_ldm_v4,0025,conditional_ldm_v4_0025.nii.gz,/users/tdd540/Capstone_Project/evaluation_200/conditional_ldm_v4/conditional_ldm_v4_0025.nii.gz,/users/tdd540/Capstone_Project/downstream_cache/synthetic_lowres/conditional_ldm_v4/0025.npz,v2,2027
conditional_ldm_v4,0026,conditional_ldm_v4_0026.nii.gz,/users/tdd540/Capstone_Project/evaluation_200/conditional_ldm_v4/conditional_ldm_v4_0026.nii.gz,/users/tdd540/Capstone_Project/downstream_cache/synthetic_lowres/conditional_ldm_v4/0026.npz,v2,2027
conditional_ldm_v4,0027,conditional_ldm_v4_0027.nii.gz,/users/tdd540/Capstone_Project/evaluation_200/conditional_ldm_v4/conditional_ldm_v4_0027.nii.gz,/users/tdd540/Capstone_Project/downstream_cache/synthetic_lowres/conditional_ldm_v4/0027.npz,v2,2027
conditional_ldm_v4,0028,conditional_ldm_v4_0028.nii.gz,/users/tdd540/Capstone_Project/evaluation_200/conditional_ldm_v4/conditional_ldm_v4_0028.nii.gz,/users/tdd540/Capstone_Project/downstream_cache/synthetic_lowres/conditional_ldm_v4/0028.npz,v2,2027
conditional_ldm_v4,0029,conditional_ldm_v4_0029.nii.gz,/users/tdd540/Capstone_Project/evaluation_200/conditional_ldm_v4/conditional_ldm_v4_0029.nii.gz,/users/tdd540/Capstone_Project/downstream_cache/synthetic_lowres/conditional_ldm_v4/0029.npz,v2,2027
conditional_ldm_v4,0030,conditional_ldm_v4_0030.nii.gz,/users/tdd540/Capstone_Project/evaluation_200/conditional_ldm_v4/conditional_ldm_v4_0030.nii.gz,/users/tdd540/Capstone_Project/downstream_cache/synthetic_lowres/conditional_ldm_v4/0030.npz,v2,2027
conditional_ldm_v4,0031,conditional_ldm_v4_0031.nii.gz,/users/tdd540/Capstone_Project/evaluation_200/conditional_ldm_v4/conditional_ldm_v4_0031.nii.gz,/users/tdd540/Capstone_Project/downstream_cache/synthetic_lowres/conditional_ldm_v4/0031.npz,v2,2027
conditional_ldm_v4,0032,conditional_ldm_v4_0032.nii.gz,/users/tdd540/Capstone_Project/evaluation_200/conditional_ldm_v4/conditional_ldm_v4_0032.nii.gz,/users/tdd540/Capstone_Project/downstream_cache/synthetic_lowres/conditional_ldm_v4/0032.npz,v2,2027
conditional_ldm_v4,0033,conditional_ldm_v4_0033.nii.gz,/users/tdd540/Capstone_Project/evaluation_200/conditional_ldm_v4/conditional_ldm_v4_0033.nii.gz,/users/tdd540/Capstone_Project/downstream_cache/synthetic_lowres/conditional_ldm_v4/0033.npz,v2,2027
conditional_ldm_v4,0034,conditional_ldm_v4_0034.nii.gz,/users/tdd540/Capstone_Project/evaluation_200/conditional_ldm_v4/conditional_ldm_v4_0034.nii.gz,/users/tdd540/Capstone_Project/downstream_cache/synthetic_lowres/conditional_ldm_v4/0034.npz,v2,2027
conditional_ldm_v4,0035,conditional_ldm_v4_0035.nii.gz,/users/tdd540/Capstone_Project/evaluation_200/conditional_ldm_v4/conditional_ldm_v4_0035.nii.gz,/users/tdd540/Capstone_Project/downstream_cache/synthetic_lowres/conditional_ldm_v4/0035.npz,v2,2027
conditional_ldm_v4,0036,conditional_ldm_v4_0036.nii.gz,/users/tdd540/Capstone_Project/evaluation_200/conditional_ldm_v4/conditional_ldm_v4_0036.nii.gz,/users/tdd540/Capstone_Project/downstream_cache/synthetic_lowres/conditional_ldm_v4/0036.npz,v2,2027
conditional_ldm_v4,0037,conditional_ldm_v4_0037.nii.gz,/users/tdd540/Capstone_Project/evaluation_200/conditional_ldm_v4/conditional_ldm_v4_0037.nii.gz,/users/tdd540/Capstone_Project/downstream_cache/synthetic_lowres/conditional_ldm_v4/0037.npz,v2,2027
conditional_ldm_v4,0038,conditional_ldm_v4_0038.nii.gz,/users/tdd540/Capstone_Project/evaluation_200/conditional_ldm_v4/conditional_ldm_v4_0038.nii.gz,/users/tdd540/Capstone_Project/downstream_cache/synthetic_lowres/conditional_ldm_v4/0038.npz,v2,2027
conditional_ldm_v4,0039,conditional_ldm_v4_0039.nii.gz,/users/tdd540/Capstone_Project/evaluation_200/conditional_ldm_v4/conditional_ldm_v4_0039.nii.gz,/users/tdd540/Capstone_Project/downstream_cache/synthetic_lowres/conditional_ldm_v4/0039.npz,v2,2027
conditional_ldm_v4,0040,conditional_ldm_v4_0040.nii.gz,/users/tdd540/Capstone_Project/evaluation_200/conditional_ldm_v4/conditional_ldm_v4_0040.nii.gz,/users/tdd540/Capstone_Project/downstream_cache/synthetic_lowres/conditional_ldm_v4/0040.npz,v2,2027
conditional_ldm_v4,0041,conditional_ldm_v4_0041.nii.gz,/users/tdd540/Capstone_Project/evaluation_200/conditional_ldm_v4/conditional_ldm_v4_0041.nii.gz,/users/tdd540/Capstone_Project/downstream_cache/synthetic_lowres/conditional_ldm_v4/0041.npz,v2,2027
conditional_ldm_v4,0042,conditional_ldm_v4_0042.nii.gz,/users/tdd540/Capstone_Project/evaluation_200/conditional_ldm_v4/conditional_ldm_v4_0042.nii.gz,/users/tdd540/Capstone_Project/downstream_cache/synthetic_lowres/conditional_ldm_v4/0042.npz,v2,2027
conditional_ldm_v4,0043,conditional_ldm_v4_0043.nii.gz,/users/tdd540/Capstone_Project/evaluation_200/conditional_ldm_v4/conditional_ldm_v4_0043.nii.gz,/users/tdd540/Capstone_Project/downstream_cache/synthetic_lowres/conditional_ldm_v4/0043.npz,v2,2027
conditional_ldm_v4,0044,conditional_ldm_v4_0044.nii.gz,/users/tdd540/Capstone_Project/evaluation_200/conditional_ldm_v4/conditional_ldm_v4_0044.nii.gz,/users/tdd540/Capstone_Project/downstream_cache/synthetic_lowres/conditional_ldm_v4/0044.npz,v2,2027
conditional_ldm_v4,0045,conditional_ldm_v4_0045.nii.gz,/users/tdd540/Capstone_Project/evaluation_200/conditional_ldm_v4/conditional_ldm_v4_0045.nii.gz,/users/tdd540/Capstone_Project/downstream_cache/synthetic_lowres/conditional_ldm_v4/0045.npz,v2,2027
conditional_ldm_v4,0046,conditional_ldm_v4_0046.nii.gz,/users/tdd540/Capstone_Project/evaluation_200/conditional_ldm_v4/conditional_ldm_v4_0046.nii.gz,/users/tdd540/Capstone_Project/downstream_cache/synthetic_lowres/conditional_ldm_v4/0046.npz,v2,2027
conditional_ldm_v4,0047,conditional_ldm_v4_0047.nii.gz,/users/tdd540/Capstone_Project/evaluation_200/conditional_ldm_v4/conditional_ldm_v4_0047.nii.gz,/users/tdd540/Capstone_Project/downstream_cache/synthetic_lowres/conditional_ldm_v4/0047.npz,v2,2027
conditional_ldm_v4,0048,conditional_ldm_v4_0048.nii.gz,/users/tdd540/Capstone_Project/evaluation_200/conditional_ldm_v4/conditional_ldm_v4_0048.nii.gz,/users/tdd540/Capstone_Project/downstream_cache/synthetic_lowres/conditional_ldm_v4/0048.npz,v2,2027
conditional_ldm_v4,0049,conditional_ldm_v4_0049.nii.gz,/users/tdd540/Capstone_Project/evaluation_200/conditional_ldm_v4/conditional_ldm_v4_0049.nii.gz,/users/tdd540/Capstone_Project/downstream_cache/synthetic_lowres/conditional_ldm_v4/0049.npz,v2,2027
conditional_ldm_v4,0050,conditional_ldm_v4_0050.nii.gz,/users/tdd540/Capstone_Project/evaluation_200/conditional_ldm_v4/conditional_ldm_v4_0050.nii.gz,/users/tdd540/Capstone_Project/downstream_cache/synthetic_lowres/conditional_ldm_v4/0050.npz,v2,2027
conditional_ldm_v4,0051,conditional_ldm_v4_0051.nii.gz,/users/tdd540/Capstone_Project/evaluation_200/conditional_ldm_v4/conditional_ldm_v4_0051.nii.gz,/users/tdd540/Capstone_Project/downstream_cache/synthetic_lowres/conditional_ldm_v4/0051.npz,v2,2027
conditional_ldm_v4,0052,conditional_ldm_v4_0052.nii.gz,/users/tdd540/Capstone_Project/evaluation_200/conditional_ldm_v4/conditional_ldm_v4_0052.nii.gz,/users/tdd540/Capstone_Project/downstream_cache/synthetic_lowres/conditional_ldm_v4/0052.npz,v2,2027
conditional_ldm_v4,0053,conditional_ldm_v4_0053.nii.gz,/users/tdd540/Capstone_Project/evaluation_200/conditional_ldm_v4/conditional_ldm_v4_0053.nii.gz,/users/tdd540/Capstone_Project/downstream_cache/synthetic_lowres/conditional_ldm_v4/0053.npz,v2,2027
conditional_ldm_v4,0054,conditional_ldm_v4_0054.nii.gz,/users/tdd540/Capstone_Project/evaluation_200/conditional_ldm_v4/conditional_ldm_v4_0054.nii.gz,/users/tdd540/Capstone_Project/downstream_cache/synthetic_lowres/conditional_ldm_v4/0054.npz,v2,2027
conditional_ldm_v4,0055,conditional_ldm_v4_0055.nii.gz,/users/tdd540/Capstone_Project/evaluation_200/conditional_ldm_v4/conditional_ldm_v4_0055.nii.gz,/users/tdd540/Capstone_Project/downstream_cache/synthetic_lowres/conditional_ldm_v4/0055.npz,v2,2027
conditional_ldm_v4,0056,conditional_ldm_v4_0056.nii.gz,/users/tdd540/Capstone_Project/evaluation_200/conditional_ldm_v4/conditional_ldm_v4_0056.nii.gz,/users/tdd540/Capstone_Project/downstream_cache/synthetic_lowres/conditional_ldm_v4/0056.npz,v2,2027
conditional_ldm_v4,0057,conditional_ldm_v4_0057.nii.gz,/users/tdd540/Capstone_Project/evaluation_200/conditional_ldm_v4/conditional_ldm_v4_0057.nii.gz,/users/tdd540/Capstone_Project/downstream_cache/synthetic_lowres/conditional_ldm_v4/0057.npz,v2,2027
conditional_ldm_v4,0058,conditional_ldm_v4_0058.nii.gz,/users/tdd540/Capstone_Project/evaluation_200/conditional_ldm_v4/conditional_ldm_v4_0058.nii.gz,/users/tdd540/Capstone_Project/downstream_cache/synthetic_lowres/conditional_ldm_v4/0058.npz,v2,2027
conditional_ldm_v4,0059,conditional_ldm_v4_0059.nii.gz,/users/tdd540/Capstone_Project/evaluation_200/conditional_ldm_v4/conditional_ldm_v4_0059.nii.gz,/users/tdd540/Capstone_Project/downstream_cache/synthetic_lowres/conditional_ldm_v4/0059.npz,v2,2027
conditional_ldm_v4,0060,conditional_ldm_v4_0060.nii.gz,/users/tdd540/Capstone_Project/evaluation_200/conditional_ldm_v4/conditional_ldm_v4_0060.nii.gz,/users/tdd540/Capstone_Project/downstream_cache/synthetic_lowres/conditional_ldm_v4/0060.npz,v2,2027
conditional_ldm_v4,0061,conditional_ldm_v4_0061.nii.gz,/users/tdd540/Capstone_Project/evaluation_200/conditional_ldm_v4/conditional_ldm_v4_0061.nii.gz,/users/tdd540/Capstone_Project/downstream_cache/synthetic_lowres/conditional_ldm_v4/0061.npz,v2,2027
conditional_ldm_v4,0062,conditional_ldm_v4_0062.nii.gz,/users/tdd540/Capstone_Project/evaluation_200/conditional_ldm_v4/conditional_ldm_v4_0062.nii.gz,/users/tdd540/Capstone_Project/downstream_cache/synthetic_lowres/conditional_ldm_v4/0062.npz,v2,2027
conditional_ldm_v4,0063,conditional_ldm_v4_0063.nii.gz,/users/tdd540/Capstone_Project/evaluation_200/conditional_ldm_v4/conditional_ldm_v4_0063.nii.gz,/users/tdd540/Capstone_Project/downstream_cache/synthetic_lowres/conditional_ldm_v4/0063.npz,v2,2027
conditional_ldm_v4,0064,conditional_ldm_v4_0064.nii.gz,/users/tdd540/Capstone_Project/evaluation_200/conditional_ldm_v4/conditional_ldm_v4_0064.nii.gz,/users/tdd540/Capstone_Project/downstream_cache/synthetic_lowres/conditional_ldm_v4/0064.npz,v2,2027
conditional_ldm_v4,0065,conditional_ldm_v4_0065.nii.gz,/users/tdd540/Capstone_Project/evaluation_200/conditional_ldm_v4/conditional_ldm_v4_0065.nii.gz,/users/tdd540/Capstone_Project/downstream_cache/synthetic_lowres/conditional_ldm_v4/0065.npz,v2,2027
conditional_ldm_v4,0066,conditional_ldm_v4_0066.nii.gz,/users/tdd540/Capstone_Project/evaluation_200/conditional_ldm_v4/conditional_ldm_v4_0066.nii.gz,/users/tdd540/Capstone_Project/downstream_cache/synthetic_lowres/conditional_ldm_v4/0066.npz,v2,2027
conditional_ldm_v4,0067,conditional_ldm_v4_0067.nii.gz,/users/tdd540/Capstone_Project/evaluation_200/conditional_ldm_v4/conditional_ldm_v4_0067.nii.gz,/users/tdd540/Capstone_Project/downstream_cache/synthetic_lowres/conditional_ldm_v4/0067.npz,v2,2027
conditional_ldm_v4,0068,conditional_ldm_v4_0068.nii.gz,/users/tdd540/Capstone_Project/evaluation_200/conditional_ldm_v4/conditional_ldm_v4_0068.nii.gz,/users/tdd540/Capstone_Project/downstream_cache/synthetic_lowres/conditional_ldm_v4/0068.npz,v2,2027
conditional_ldm_v4,0069,conditional_ldm_v4_0069.nii.gz,/users/tdd540/Capstone_Project/evaluation_200/conditional_ldm_v4/conditional_ldm_v4_0069.nii.gz,/users/tdd540/Capstone_Project/downstream_cache/synthetic_lowres/conditional_ldm_v4/0069.npz,v2,2027
conditional_ldm_v4,0070,conditional_ldm_v4_0070.nii.gz,/users/tdd540/Capstone_Project/evaluation_200/conditional_ldm_v4/conditional_ldm_v4_0070.nii.gz,/users/tdd540/Capstone_Project/downstream_cache/synthetic_lowres/conditional_ldm_v4/0070.npz,v2,2027
conditional_ldm_v4,0071,conditional_ldm_v4_0071.nii.gz,/users/tdd540/Capstone_Project/evaluation_200/conditional_ldm_v4/conditional_ldm_v4_0071.nii.gz,/users/tdd540/Capstone_Project/downstream_cache/synthetic_lowres/conditional_ldm_v4/0071.npz,v2,2027
conditional_ldm_v4,0072,conditional_ldm_v4_0072.nii.gz,/users/tdd540/Capstone_Project/evaluation_200/conditional_ldm_v4/conditional_ldm_v4_0072.nii.gz,/users/tdd540/Capstone_Project/downstream_cache/synthetic_lowres/conditional_ldm_v4/0072.npz,v2,2027
conditional_ldm_v4,0073,conditional_ldm_v4_0073.nii.gz,/users/tdd540/Capstone_Project/evaluation_200/conditional_ldm_v4/conditional_ldm_v4_0073.nii.gz,/users/tdd540/Capstone_Project/downstream_cache/synthetic_lowres/conditional_ldm_v4/0073.npz,v2,2027
conditional_ldm_v4,0074,conditional_ldm_v4_0074.nii.gz,/users/tdd540/Capstone_Project/evaluation_200/conditional_ldm_v4/conditional_ldm_v4_0074.nii.gz,/users/tdd540/Capstone_Project/downstream_cache/synthetic_lowres/conditional_ldm_v4/0074.npz,v2,2027
conditional_ldm_v4,0075,conditional_ldm_v4_0075.nii.gz,/users/tdd540/Capstone_Project/evaluation_200/conditional_ldm_v4/conditional_ldm_v4_0075.nii.gz,/users/tdd540/Capstone_Project/downstream_cache/synthetic_lowres/conditional_ldm_v4/0075.npz,v2,2027
conditional_ldm_v4,0076,conditional_ldm_v4_0076.nii.gz,/users/tdd540/Capstone_Project/evaluation_200/conditional_ldm_v4/conditional_ldm_v4_0076.nii.gz,/users/tdd540/Capstone_Project/downstream_cache/synthetic_lowres/conditional_ldm_v4/0076.npz,v2,2027
conditional_ldm_v4,0077,conditional_ldm_v4_0077.nii.gz,/users/tdd540/Capstone_Project/evaluation_200/conditional_ldm_v4/conditional_ldm_v4_0077.nii.gz,/users/tdd540/Capstone_Project/downstream_cache/synthetic_lowres/conditional_ldm_v4/0077.npz,v2,2027
conditional_ldm_v4,0078,conditional_ldm_v4_0078.nii.gz,/users/tdd540/Capstone_Project/evaluation_200/conditional_ldm_v4/conditional_ldm_v4_0078.nii.gz,/users/tdd540/Capstone_Project/downstream_cache/synthetic_lowres/conditional_ldm_v4/0078.npz,v2,2027
conditional_ldm_v4,0079,conditional_ldm_v4_0079.nii.gz,/users/tdd540/Capstone_Project/evaluation_200/conditional_ldm_v4/conditional_ldm_v4_0079.nii.gz,/users/tdd540/Capstone_Project/downstream_cache/synthetic_lowres/conditional_ldm_v4/0079.npz,v2,2027
conditional_ldm_v4,0080,conditional_ldm_v4_0080.nii.gz,/users/tdd540/Capstone_Project/evaluation_200/conditional_ldm_v4/conditional_ldm_v4_0080.nii.gz,/users/tdd540/Capstone_Project/downstream_cache/synthetic_lowres/conditional_ldm_v4/0080.npz,v2,2027
conditional_ldm_v4,0081,conditional_ldm_v4_0081.nii.gz,/users/tdd540/Capstone_Project/evaluation_200/conditional_ldm_v4/conditional_ldm_v4_0081.nii.gz,/users/tdd540/Capstone_Project/downstream_cache/synthetic_lowres/conditional_ldm_v4/0081.npz,v2,2027
conditional_ldm_v4,0082,conditional_ldm_v4_0082.nii.gz,/users/tdd540/Capstone_Project/evaluation_200/conditional_ldm_v4/conditional_ldm_v4_0082.nii.gz,/users/tdd540/Capstone_Project/downstream_cache/synthetic_lowres/conditional_ldm_v4/0082.npz,v2,2027
conditional_ldm_v4,0083,conditional_ldm_v4_0083.nii.gz,/users/tdd540/Capstone_Project/evaluation_200/conditional_ldm_v4/conditional_ldm_v4_0083.nii.gz,/users/tdd540/Capstone_Project/downstream_cache/synthetic_lowres/conditional_ldm_v4/0083.npz,v2,2027
conditional_ldm_v4,0084,conditional_ldm_v4_0084.nii.gz,/users/tdd540/Capstone_Project/evaluation_200/conditional_ldm_v4/conditional_ldm_v4_0084.nii.gz,/users/tdd540/Capstone_Project/downstream_cache/synthetic_lowres/conditional_ldm_v4/0084.npz,v2,2027
conditional_ldm_v4,0085,conditional_ldm_v4_0085.nii.gz,/users/tdd540/Capstone_Project/evaluation_200/conditional_ldm_v4/conditional_ldm_v4_0085.nii.gz,/users/tdd540/Capstone_Project/downstream_cache/synthetic_lowres/conditional_ldm_v4/0085.npz,v2,2027
conditional_ldm_v4,0086,conditional_ldm_v4_0086.nii.gz,/users/tdd540/Capstone_Project/evaluation_200/conditional_ldm_v4/conditional_ldm_v4_0086.nii.gz,/users/tdd540/Capstone_Project/downstream_cache/synthetic_lowres/conditional_ldm_v4/0086.npz,v2,2027
conditional_ldm_v4,0087,conditional_ldm_v4_0087.nii.gz,/users/tdd540/Capstone_Project/evaluation_200/conditional_ldm_v4/conditional_ldm_v4_0087.nii.gz,/users/tdd540/Capstone_Project/downstream_cache/synthetic_lowres/conditional_ldm_v4/0087.npz,v2,2027
conditional_ldm_v4,0088,conditional_ldm_v4_0088.nii.gz,/users/tdd540/Capstone_Project/evaluation_200/conditional_ldm_v4/conditional_ldm_v4_0088.nii.gz,/users/tdd540/Capstone_Project/downstream_cache/synthetic_lowres/conditional_ldm_v4/0088.npz,v2,2027
conditional_ldm_v4,0089,conditional_ldm_v4_0089.nii.gz,/users/tdd540/Capstone_Project/evaluation_200/conditional_ldm_v4/conditional_ldm_v4_0089.nii.gz,/users/tdd540/Capstone_Project/downstream_cache/synthetic_lowres/conditional_ldm_v4/0089.npz,v2,2027
conditional_ldm_v4,0090,conditional_ldm_v4_0090.nii.gz,/users/tdd540/Capstone_Project/evaluation_200/conditional_ldm_v4/conditional_ldm_v4_0090.nii.gz,/users/tdd540/Capstone_Project/downstream_cache/synthetic_lowres/conditional_ldm_v4/0090.npz,v2,2027
conditional_ldm_v4,0091,conditional_ldm_v4_0091.nii.gz,/users/tdd540/Capstone_Project/evaluation_200/conditional_ldm_v4/conditional_ldm_v4_0091.nii.gz,/users/tdd540/Capstone_Project/downstream_cache/synthetic_lowres/conditional_ldm_v4/0091.npz,v2,2027
conditional_ldm_v4,0092,conditional_ldm_v4_0092.nii.gz,/users/tdd540/Capstone_Project/evaluation_200/conditional_ldm_v4/conditional_ldm_v4_0092.nii.gz,/users/tdd540/Capstone_Project/downstream_cache/synthetic_lowres/conditional_ldm_v4/0092.npz,v2,2027
conditional_ldm_v4,0093,conditional_ldm_v4_0093.nii.gz,/users/tdd540/Capstone_Project/evaluation_200/conditional_ldm_v4/conditional_ldm_v4_0093.nii.gz,/users/tdd540/Capstone_Project/downstream_cache/synthetic_lowres/conditional_ldm_v4/0093.npz,v2,2027
conditional_ldm_v4,0094,conditional_ldm_v4_0094.nii.gz,/users/tdd540/Capstone_Project/evaluation_200/conditional_ldm_v4/conditional_ldm_v4_0094.nii.gz,/users/tdd540/Capstone_Project/downstream_cache/synthetic_lowres/conditional_ldm_v4/0094.npz,v2,2027
conditional_ldm_v4,0095,conditional_ldm_v4_0095.nii.gz,/users/tdd540/Capstone_Project/evaluation_200/conditional_ldm_v4/conditional_ldm_v4_0095.nii.gz,/users/tdd540/Capstone_Project/downstream_cache/synthetic_lowres/conditional_ldm_v4/0095.npz,v2,2027
conditional_ldm_v4,0096,conditional_ldm_v4_0096.nii.gz,/users/tdd540/Capstone_Project/evaluation_200/conditional_ldm_v4/conditional_ldm_v4_0096.nii.gz,/users/tdd540/Capstone_Project/downstream_cache/synthetic_lowres/conditional_ldm_v4/0096.npz,v2,2027
conditional_ldm_v4,0097,conditional_ldm_v4_0097.nii.gz,/users/tdd540/Capstone_Project/evaluation_200/conditional_ldm_v4/conditional_ldm_v4_0097.nii.gz,/users/tdd540/Capstone_Project/downstream_cache/synthetic_lowres/conditional_ldm_v4/0097.npz,v2,2027
conditional_ldm_v4,0098,conditional_ldm_v4_0098.nii.gz,/users/tdd540/Capstone_Project/evaluation_200/conditional_ldm_v4/conditional_ldm_v4_0098.nii.gz,/users/tdd540/Capstone_Project/downstream_cache/synthetic_lowres/conditional_ldm_v4/0098.npz,v2,2027
conditional_ldm_v4,0099,conditional_ldm_v4_0099.nii.gz,/users/tdd540/Capstone_Project/evaluation_200/conditional_ldm_v4/conditional_ldm_v4_0099.nii.gz,/users/tdd540/Capstone_Project/downstream_cache/synthetic_lowres/conditional_ldm_v4/0099.npz,v2,2027
conditional_ldm_v4,0100,conditional_ldm_v4_0100.nii.gz,/users/tdd540/Capstone_Project/evaluation_200/conditional_ldm_v4/conditional_ldm_v4_0100.nii.gz,/users/tdd540/Capstone_Project/downstream_cache/synthetic_lowres/conditional_ldm_v4/0100.npz,v2,2027
conditional_ldm_v4,0101,conditional_ldm_v4_0101.nii.gz,/users/tdd540/Capstone_Project/evaluation_200/conditional_ldm_v4/conditional_ldm_v4_0101.nii.gz,/users/tdd540/Capstone_Project/downstream_cache/synthetic_lowres/conditional_ldm_v4/0101.npz,v2,2027
conditional_ldm_v4,0102,conditional_ldm_v4_0102.nii.gz,/users/tdd540/Capstone_Project/evaluation_200/conditional_ldm_v4/conditional_ldm_v4_0102.nii.gz,/users/tdd540/Capstone_Project/downstream_cache/synthetic_lowres/conditional_ldm_v4/0102.npz,v2,2027
conditional_ldm_v4,0103,conditional_ldm_v4_0103.nii.gz,/users/tdd540/Capstone_Project/evaluation_200/conditional_ldm_v4/conditional_ldm_v4_0103.nii.gz,/users/tdd540/Capstone_Project/downstream_cache/synthetic_lowres/conditional_ldm_v4/0103.npz,v2,2027
conditional_ldm_v4,0104,conditional_ldm_v4_0104.nii.gz,/users/tdd540/Capstone_Project/evaluation_200/conditional_ldm_v4/conditional_ldm_v4_0104.nii.gz,/users/tdd540/Capstone_Project/downstream_cache/synthetic_lowres/conditional_ldm_v4/0104.npz,v2,2027
conditional_ldm_v4,0105,conditional_ldm_v4_0105.nii.gz,/users/tdd540/Capstone_Project/evaluation_200/conditional_ldm_v4/conditional_ldm_v4_0105.nii.gz,/users/tdd540/Capstone_Project/downstream_cache/synthetic_lowres/conditional_ldm_v4/0105.npz,v2,2027
conditional_ldm_v4,0106,conditional_ldm_v4_0106.nii.gz,/users/tdd540/Capstone_Project/evaluation_200/conditional_ldm_v4/conditional_ldm_v4_0106.nii.gz,/users/tdd540/Capstone_Project/downstream_cache/synthetic_lowres/conditional_ldm_v4/0106.npz,v2,2027
conditional_ldm_v4,0107,conditional_ldm_v4_0107.nii.gz,/users/tdd540/Capstone_Project/evaluation_200/conditional_ldm_v4/conditional_ldm_v4_0107.nii.gz,/users/tdd540/Capstone_Project/downstream_cache/synthetic_lowres/conditional_ldm_v4/0107.npz,v2,2027
conditional_ldm_v4,0108,conditional_ldm_v4_0108.nii.gz,/users/tdd540/Capstone_Project/evaluation_200/conditional_ldm_v4/conditional_ldm_v4_0108.nii.gz,/users/tdd540/Capstone_Project/downstream_cache/synthetic_lowres/conditional_ldm_v4/0108.npz,v2,2027
conditional_ldm_v4,0109,conditional_ldm_v4_0109.nii.gz,/users/tdd540/Capstone_Project/evaluation_200/conditional_ldm_v4/conditional_ldm_v4_0109.nii.gz,/users/tdd540/Capstone_Project/downstream_cache/synthetic_lowres/conditional_ldm_v4/0109.npz,v2,2027
conditional_ldm_v4,0110,conditional_ldm_v4_0110.nii.gz,/users/tdd540/Capstone_Project/evaluation_200/conditional_ldm_v4/conditional_ldm_v4_0110.nii.gz,/users/tdd540/Capstone_Project/downstream_cache/synthetic_lowres/conditional_ldm_v4/0110.npz,v2,2027
conditional_ldm_v4,0111,conditional_ldm_v4_0111.nii.gz,/users/tdd540/Capstone_Project/evaluation_200/conditional_ldm_v4/conditional_ldm_v4_0111.nii.gz,/users/tdd540/Capstone_Project/downstream_cache/synthetic_lowres/conditional_ldm_v4/0111.npz,v2,2027
conditional_ldm_v4,0112,conditional_ldm_v4_0112.nii.gz,/users/tdd540/Capstone_Project/evaluation_200/conditional_ldm_v4/conditional_ldm_v4_0112.nii.gz,/users/tdd540/Capstone_Project/downstream_cache/synthetic_lowres/conditional_ldm_v4/0112.npz,v2,2027
conditional_ldm_v4,0113,conditional_ldm_v4_0113.nii.gz,/users/tdd540/Capstone_Project/evaluation_200/conditional_ldm_v4/conditional_ldm_v4_0113.nii.gz,/users/tdd540/Capstone_Project/downstream_cache/synthetic_lowres/conditional_ldm_v4/0113.npz,v2,2027
conditional_ldm_v4,0114,conditional_ldm_v4_0114.nii.gz,/users/tdd540/Capstone_Project/evaluation_200/conditional_ldm_v4/conditional_ldm_v4_0114.nii.gz,/users/tdd540/Capstone_Project/downstream_cache/synthetic_lowres/conditional_ldm_v4/0114.npz,v2,2027
conditional_ldm_v4,0115,conditional_ldm_v4_0115.nii.gz,/users/tdd540/Capstone_Project/evaluation_200/conditional_ldm_v4/conditional_ldm_v4_0115.nii.gz,/users/tdd540/Capstone_Project/downstream_cache/synthetic_lowres/conditional_ldm_v4/0115.npz,v2,2027
conditional_ldm_v4,0116,conditional_ldm_v4_0116.nii.gz,/users/tdd540/Capstone_Project/evaluation_200/conditional_ldm_v4/conditional_ldm_v4_0116.nii.gz,/users/tdd540/Capstone_Project/downstream_cache/synthetic_lowres/conditional_ldm_v4/0116.npz,v2,2027
conditional_ldm_v4,0117,conditional_ldm_v4_0117.nii.gz,/users/tdd540/Capstone_Project/evaluation_200/conditional_ldm_v4/conditional_ldm_v4_0117.nii.gz,/users/tdd540/Capstone_Project/downstream_cache/synthetic_lowres/conditional_ldm_v4/0117.npz,v2,2027
conditional_ldm_v4,0118,conditional_ldm_v4_0118.nii.gz,/users/tdd540/Capstone_Project/evaluation_200/conditional_ldm_v4/conditional_ldm_v4_0118.nii.gz,/users/tdd540/Capstone_Project/downstream_cache/synthetic_lowres/conditional_ldm_v4/0118.npz,v2,2027
conditional_ldm_v4,0119,conditional_ldm_v4_0119.nii.gz,/users/tdd540/Capstone_Project/evaluation_200/conditional_ldm_v4/conditional_ldm_v4_0119.nii.gz,/users/tdd540/Capstone_Project/downstream_cache/synthetic_lowres/conditional_ldm_v4/0119.npz,v2,2027
conditional_ldm_v4,0120,conditional_ldm_v4_0120.nii.gz,/users/tdd540/Capstone_Project/evaluation_200/conditional_ldm_v4/conditional_ldm_v4_0120.nii.gz,/users/tdd540/Capstone_Project/downstream_cache/synthetic_lowres/conditional_ldm_v4/0120.npz,v2,2027
conditional_ldm_v4,0121,conditional_ldm_v4_0121.nii.gz,/users/tdd540/Capstone_Project/evaluation_200/conditional_ldm_v4/conditional_ldm_v4_0121.nii.gz,/users/tdd540/Capstone_Project/downstream_cache/synthetic_lowres/conditional_ldm_v4/0121.npz,v2,2027
conditional_ldm_v4,0122,conditional_ldm_v4_0122.nii.gz,/users/tdd540/Capstone_Project/evaluation_200/conditional_ldm_v4/conditional_ldm_v4_0122.nii.gz,/users/tdd540/Capstone_Project/downstream_cache/synthetic_lowres/conditional_ldm_v4/0122.npz,v2,2027
conditional_ldm_v4,0123,conditional_ldm_v4_0123.nii.gz,/users/tdd540/Capstone_Project/evaluation_200/conditional_ldm_v4/conditional_ldm_v4_0123.nii.gz,/users/tdd540/Capstone_Project/downstream_cache/synthetic_lowres/conditional_ldm_v4/0123.npz,v2,2027
conditional_ldm_v4,0124,conditional_ldm_v4_0124.nii.gz,/users/tdd540/Capstone_Project/evaluation_200/conditional_ldm_v4/conditional_ldm_v4_0124.nii.gz,/users/tdd540/Capstone_Project/downstream_cache/synthetic_lowres/conditional_ldm_v4/0124.npz,v2,2027
conditional_ldm_v4,0125,conditional_ldm_v4_0125.nii.gz,/users/tdd540/Capstone_Project/evaluation_200/conditional_ldm_v4/conditional_ldm_v4_0125.nii.gz,/users/tdd540/Capstone_Project/downstream_cache/synthetic_lowres/conditional_ldm_v4/0125.npz,v2,2027
conditional_ldm_v4,0126,conditional_ldm_v4_0126.nii.gz,/users/tdd540/Capstone_Project/evaluation_200/conditional_ldm_v4/conditional_ldm_v4_0126.nii.gz,/users/tdd540/Capstone_Project/downstream_cache/synthetic_lowres/conditional_ldm_v4/0126.npz,v2,2027
conditional_ldm_v4,0127,conditional_ldm_v4_0127.nii.gz,/users/tdd540/Capstone_Project/evaluation_200/conditional_ldm_v4/conditional_ldm_v4_0127.nii.gz,/users/tdd540/Capstone_Project/downstream_cache/synthetic_lowres/conditional_ldm_v4/0127.npz,v2,2027
conditional_ldm_v4,0128,conditional_ldm_v4_0128.nii.gz,/users/tdd540/Capstone_Project/evaluation_200/conditional_ldm_v4/conditional_ldm_v4_0128.nii.gz,/users/tdd540/Capstone_Project/downstream_cache/synthetic_lowres/conditional_ldm_v4/0128.npz,v2,2027
conditional_ldm_v4,0129,conditional_ldm_v4_0129.nii.gz,/users/tdd540/Capstone_Project/evaluation_200/conditional_ldm_v4/conditional_ldm_v4_0129.nii.gz,/users/tdd540/Capstone_Project/downstream_cache/synthetic_lowres/conditional_ldm_v4/0129.npz,v2,2027
conditional_ldm_v4,0130,conditional_ldm_v4_0130.nii.gz,/users/tdd540/Capstone_Project/evaluation_200/conditional_ldm_v4/conditional_ldm_v4_0130.nii.gz,/users/tdd540/Capstone_Project/downstream_cache/synthetic_lowres/conditional_ldm_v4/0130.npz,v2,2027
conditional_ldm_v4,0131,conditional_ldm_v4_0131.nii.gz,/users/tdd540/Capstone_Project/evaluation_200/conditional_ldm_v4/conditional_ldm_v4_0131.nii.gz,/users/tdd540/Capstone_Project/downstream_cache/synthetic_lowres/conditional_ldm_v4/0131.npz,v2,2027
conditional_ldm_v4,0132,conditional_ldm_v4_0132.nii.gz,/users/tdd540/Capstone_Project/evaluation_200/conditional_ldm_v4/conditional_ldm_v4_0132.nii.gz,/users/tdd540/Capstone_Project/downstream_cache/synthetic_lowres/conditional_ldm_v4/0132.npz,v2,2027
conditional_ldm_v4,0133,conditional_ldm_v4_0133.nii.gz,/users/tdd540/Capstone_Project/evaluation_200/conditional_ldm_v4/conditional_ldm_v4_0133.nii.gz,/users/tdd540/Capstone_Project/downstream_cache/synthetic_lowres/conditional_ldm_v4/0133.npz,v2,2027
conditional_ldm_v4,0134,conditional_ldm_v4_0134.nii.gz,/users/tdd540/Capstone_Project/evaluation_200/conditional_ldm_v4/conditional_ldm_v4_0134.nii.gz,/users/tdd540/Capstone_Project/downstream_cache/synthetic_lowres/conditional_ldm_v4/0134.npz,v2,2027
conditional_ldm_v4,0135,conditional_ldm_v4_0135.nii.gz,/users/tdd540/Capstone_Project/evaluation_200/conditional_ldm_v4/conditional_ldm_v4_0135.nii.gz,/users/tdd540/Capstone_Project/downstream_cache/synthetic_lowres/conditional_ldm_v4/0135.npz,v2,2027
conditional_ldm_v4,0136,conditional_ldm_v4_0136.nii.gz,/users/tdd540/Capstone_Project/evaluation_200/conditional_ldm_v4/conditional_ldm_v4_0136.nii.gz,/users/tdd540/Capstone_Project/downstream_cache/synthetic_lowres/conditional_ldm_v4/0136.npz,v2,2027
conditional_ldm_v4,0137,conditional_ldm_v4_0137.nii.gz,/users/tdd540/Capstone_Project/evaluation_200/conditional_ldm_v4/conditional_ldm_v4_0137.nii.gz,/users/tdd540/Capstone_Project/downstream_cache/synthetic_lowres/conditional_ldm_v4/0137.npz,v2,2027
conditional_ldm_v4,0138,conditional_ldm_v4_0138.nii.gz,/users/tdd540/Capstone_Project/evaluation_200/conditional_ldm_v4/conditional_ldm_v4_0138.nii.gz,/users/tdd540/Capstone_Project/downstream_cache/synthetic_lowres/conditional_ldm_v4/0138.npz,v2,2027
conditional_ldm_v4,0139,conditional_ldm_v4_0139.nii.gz,/users/tdd540/Capstone_Project/evaluation_200/conditional_ldm_v4/conditional_ldm_v4_0139.nii.gz,/users/tdd540/Capstone_Project/downstream_cache/synthetic_lowres/conditional_ldm_v4/0139.npz,v2,2027
conditional_ldm_v4,0140,conditional_ldm_v4_0140.nii.gz,/users/tdd540/Capstone_Project/evaluation_200/conditional_ldm_v4/conditional_ldm_v4_0140.nii.gz,/users/tdd540/Capstone_Project/downstream_cache/synthetic_lowres/conditional_ldm_v4/0140.npz,v2,2027
conditional_ldm_v4,0141,conditional_ldm_v4_0141.nii.gz,/users/tdd540/Capstone_Project/evaluation_200/conditional_ldm_v4/conditional_ldm_v4_0141.nii.gz,/users/tdd540/Capstone_Project/downstream_cache/synthetic_lowres/conditional_ldm_v4/0141.npz,v2,2027
conditional_ldm_v4,0142,conditional_ldm_v4_0142.nii.gz,/users/tdd540/Capstone_Project/evaluation_200/conditional_ldm_v4/conditional_ldm_v4_0142.nii.gz,/users/tdd540/Capstone_Project/downstream_cache/synthetic_lowres/conditional_ldm_v4/0142.npz,v2,2027
conditional_ldm_v4,0143,conditional_ldm_v4_0143.nii.gz,/users/tdd540/Capstone_Project/evaluation_200/conditional_ldm_v4/conditional_ldm_v4_0143.nii.gz,/users/tdd540/Capstone_Project/downstream_cache/synthetic_lowres/conditional_ldm_v4/0143.npz,v2,2027
conditional_ldm_v4,0144,conditional_ldm_v4_0144.nii.gz,/users/tdd540/Capstone_Project/evaluation_200/conditional_ldm_v4/conditional_ldm_v4_0144.nii.gz,/users/tdd540/Capstone_Project/downstream_cache/synthetic_lowres/conditional_ldm_v4/0144.npz,v2,2027
conditional_ldm_v4,0145,conditional_ldm_v4_0145.nii.gz,/users/tdd540/Capstone_Project/evaluation_200/conditional_ldm_v4/conditional_ldm_v4_0145.nii.gz,/users/tdd540/Capstone_Project/downstream_cache/synthetic_lowres/conditional_ldm_v4/0145.npz,v2,2027
conditional_ldm_v4,0146,conditional_ldm_v4_0146.nii.gz,/users/tdd540/Capstone_Project/evaluation_200/conditional_ldm_v4/conditional_ldm_v4_0146.nii.gz,/users/tdd540/Capstone_Project/downstream_cache/synthetic_lowres/conditional_ldm_v4/0146.npz,v2,2027
conditional_ldm_v4,0147,conditional_ldm_v4_0147.nii.gz,/users/tdd540/Capstone_Project/evaluation_200/conditional_ldm_v4/conditional_ldm_v4_0147.nii.gz,/users/tdd540/Capstone_Project/downstream_cache/synthetic_lowres/conditional_ldm_v4/0147.npz,v2,2027
conditional_ldm_v4,0148,conditional_ldm_v4_0148.nii.gz,/users/tdd540/Capstone_Project/evaluation_200/conditional_ldm_v4/conditional_ldm_v4_0148.nii.gz,/users/tdd540/Capstone_Project/downstream_cache/synthetic_lowres/conditional_ldm_v4/0148.npz,v2,2027
conditional_ldm_v4,0149,conditional_ldm_v4_0149.nii.gz,/users/tdd540/Capstone_Project/evaluation_200/conditional_ldm_v4/conditional_ldm_v4_0149.nii.gz,/users/tdd540/Capstone_Project/downstream_cache/synthetic_lowres/conditional_ldm_v4/0149.npz,v2,2027
conditional_ldm_v4,0150,conditional_ldm_v4_0150.nii.gz,/users/tdd540/Capstone_Project/evaluation_200/conditional_ldm_v4/conditional_ldm_v4_0150.nii.gz,/users/tdd540/Capstone_Project/downstream_cache/synthetic_lowres/conditional_ldm_v4/0150.npz,v2,2027
conditional_ldm_v4,0151,conditional_ldm_v4_0151.nii.gz,/users/tdd540/Capstone_Project/evaluation_200/conditional_ldm_v4/conditional_ldm_v4_0151.nii.gz,/users/tdd540/Capstone_Project/downstream_cache/synthetic_lowres/conditional_ldm_v4/0151.npz,v2,2027
conditional_ldm_v4,0152,conditional_ldm_v4_0152.nii.gz,/users/tdd540/Capstone_Project/evaluation_200/conditional_ldm_v4/conditional_ldm_v4_0152.nii.gz,/users/tdd540/Capstone_Project/downstream_cache/synthetic_lowres/conditional_ldm_v4/0152.npz,v2,2027
conditional_ldm_v4,0153,conditional_ldm_v4_0153.nii.gz,/users/tdd540/Capstone_Project/evaluation_200/conditional_ldm_v4/conditional_ldm_v4_0153.nii.gz,/users/tdd540/Capstone_Project/downstream_cache/synthetic_lowres/conditional_ldm_v4/0153.npz,v2,2027
conditional_ldm_v4,0154,conditional_ldm_v4_0154.nii.gz,/users/tdd540/Capstone_Project/evaluation_200/conditional_ldm_v4/conditional_ldm_v4_0154.nii.gz,/users/tdd540/Capstone_Project/downstream_cache/synthetic_lowres/conditional_ldm_v4/0154.npz,v2,2027
conditional_ldm_v4,0155,conditional_ldm_v4_0155.nii.gz,/users/tdd540/Capstone_Project/evaluation_200/conditional_ldm_v4/conditional_ldm_v4_0155.nii.gz,/users/tdd540/Capstone_Project/downstream_cache/synthetic_lowres/conditional_ldm_v4/0155.npz,v2,2027
conditional_ldm_v4,0156,conditional_ldm_v4_0156.nii.gz,/users/tdd540/Capstone_Project/evaluation_200/conditional_ldm_v4/conditional_ldm_v4_0156.nii.gz,/users/tdd540/Capstone_Project/downstream_cache/synthetic_lowres/conditional_ldm_v4/0156.npz,v2,2027
conditional_ldm_v4,0157,conditional_ldm_v4_0157.nii.gz,/users/tdd540/Capstone_Project/evaluation_200/conditional_ldm_v4/conditional_ldm_v4_0157.nii.gz,/users/tdd540/Capstone_Project/downstream_cache/synthetic_lowres/conditional_ldm_v4/0157.npz,v2,2027
conditional_ldm_v4,0158,conditional_ldm_v4_0158.nii.gz,/users/tdd540/Capstone_Project/evaluation_200/conditional_ldm_v4/conditional_ldm_v4_0158.nii.gz,/users/tdd540/Capstone_Project/downstream_cache/synthetic_lowres/conditional_ldm_v4/0158.npz,v2,2027
conditional_ldm_v4,0159,conditional_ldm_v4_0159.nii.gz,/users/tdd540/Capstone_Project/evaluation_200/conditional_ldm_v4/conditional_ldm_v4_0159.nii.gz,/users/tdd540/Capstone_Project/downstream_cache/synthetic_lowres/conditional_ldm_v4/0159.npz,v2,2027
conditional_ldm_v4,0160,conditional_ldm_v4_0160.nii.gz,/users/tdd540/Capstone_Project/evaluation_200/conditional_ldm_v4/conditional_ldm_v4_0160.nii.gz,/users/tdd540/Capstone_Project/downstream_cache/synthetic_lowres/conditional_ldm_v4/0160.npz,v2,2027
conditional_ldm_v4,0161,conditional_ldm_v4_0161.nii.gz,/users/tdd540/Capstone_Project/evaluation_200/conditional_ldm_v4/conditional_ldm_v4_0161.nii.gz,/users/tdd540/Capstone_Project/downstream_cache/synthetic_lowres/conditional_ldm_v4/0161.npz,v2,2027
conditional_ldm_v4,0162,conditional_ldm_v4_0162.nii.gz,/users/tdd540/Capstone_Project/evaluation_200/conditional_ldm_v4/conditional_ldm_v4_0162.nii.gz,/users/tdd540/Capstone_Project/downstream_cache/synthetic_lowres/conditional_ldm_v4/0162.npz,v2,2027
conditional_ldm_v4,0163,conditional_ldm_v4_0163.nii.gz,/users/tdd540/Capstone_Project/evaluation_200/conditional_ldm_v4/conditional_ldm_v4_0163.nii.gz,/users/tdd540/Capstone_Project/downstream_cache/synthetic_lowres/conditional_ldm_v4/0163.npz,v2,2027
conditional_ldm_v4,0164,conditional_ldm_v4_0164.nii.gz,/users/tdd540/Capstone_Project/evaluation_200/conditional_ldm_v4/conditional_ldm_v4_0164.nii.gz,/users/tdd540/Capstone_Project/downstream_cache/synthetic_lowres/conditional_ldm_v4/0164.npz,v2,2027
conditional_ldm_v4,0165,conditional_ldm_v4_0165.nii.gz,/users/tdd540/Capstone_Project/evaluation_200/conditional_ldm_v4/conditional_ldm_v4_0165.nii.gz,/users/tdd540/Capstone_Project/downstream_cache/synthetic_lowres/conditional_ldm_v4/0165.npz,v2,2027
conditional_ldm_v4,0166,conditional_ldm_v4_0166.nii.gz,/users/tdd540/Capstone_Project/evaluation_200/conditional_ldm_v4/conditional_ldm_v4_0166.nii.gz,/users/tdd540/Capstone_Project/downstream_cache/synthetic_lowres/conditional_ldm_v4/0166.npz,v2,2027
conditional_ldm_v4,0167,conditional_ldm_v4_0167.nii.gz,/users/tdd540/Capstone_Project/evaluation_200/conditional_ldm_v4/conditional_ldm_v4_0167.nii.gz,/users/tdd540/Capstone_Project/downstream_cache/synthetic_lowres/conditional_ldm_v4/0167.npz,v2,2027
conditional_ldm_v4,0168,conditional_ldm_v4_0168.nii.gz,/users/tdd540/Capstone_Project/evaluation_200/conditional_ldm_v4/conditional_ldm_v4_0168.nii.gz,/users/tdd540/Capstone_Project/downstream_cache/synthetic_lowres/conditional_ldm_v4/0168.npz,v2,2027
conditional_ldm_v4,0169,conditional_ldm_v4_0169.nii.gz,/users/tdd540/Capstone_Project/evaluation_200/conditional_ldm_v4/conditional_ldm_v4_0169.nii.gz,/users/tdd540/Capstone_Project/downstream_cache/synthetic_lowres/conditional_ldm_v4/0169.npz,v2,2027
conditional_ldm_v4,0170,conditional_ldm_v4_0170.nii.gz,/users/tdd540/Capstone_Project/evaluation_200/conditional_ldm_v4/conditional_ldm_v4_0170.nii.gz,/users/tdd540/Capstone_Project/downstream_cache/synthetic_lowres/conditional_ldm_v4/0170.npz,v2,2027
conditional_ldm_v4,0171,conditional_ldm_v4_0171.nii.gz,/users/tdd540/Capstone_Project/evaluation_200/conditional_ldm_v4/conditional_ldm_v4_0171.nii.gz,/users/tdd540/Capstone_Project/downstream_cache/synthetic_lowres/conditional_ldm_v4/0171.npz,v2,2027
conditional_ldm_v4,0172,conditional_ldm_v4_0172.nii.gz,/users/tdd540/Capstone_Project/evaluation_200/conditional_ldm_v4/conditional_ldm_v4_0172.nii.gz,/users/tdd540/Capstone_Project/downstream_cache/synthetic_lowres/conditional_ldm_v4/0172.npz,v2,2027
conditional_ldm_v4,0173,conditional_ldm_v4_0173.nii.gz,/users/tdd540/Capstone_Project/evaluation_200/conditional_ldm_v4/conditional_ldm_v4_0173.nii.gz,/users/tdd540/Capstone_Project/downstream_cache/synthetic_lowres/conditional_ldm_v4/0173.npz,v2,2027
conditional_ldm_v4,0174,conditional_ldm_v4_0174.nii.gz,/users/tdd540/Capstone_Project/evaluation_200/conditional_ldm_v4/conditional_ldm_v4_0174.nii.gz,/users/tdd540/Capstone_Project/downstream_cache/synthetic_lowres/conditional_ldm_v4/0174.npz,v2,2027
conditional_ldm_v4,0175,conditional_ldm_v4_0175.nii.gz,/users/tdd540/Capstone_Project/evaluation_200/conditional_ldm_v4/conditional_ldm_v4_0175.nii.gz,/users/tdd540/Capstone_Project/downstream_cache/synthetic_lowres/conditional_ldm_v4/0175.npz,v2,2027
conditional_ldm_v4,0176,conditional_ldm_v4_0176.nii.gz,/users/tdd540/Capstone_Project/evaluation_200/conditional_ldm_v4/conditional_ldm_v4_0176.nii.gz,/users/tdd540/Capstone_Project/downstream_cache/synthetic_lowres/conditional_ldm_v4/0176.npz,v2,2027
conditional_ldm_v4,0177,conditional_ldm_v4_0177.nii.gz,/users/tdd540/Capstone_Project/evaluation_200/conditional_ldm_v4/conditional_ldm_v4_0177.nii.gz,/users/tdd540/Capstone_Project/downstream_cache/synthetic_lowres/conditional_ldm_v4/0177.npz,v2,2027
conditional_ldm_v4,0178,conditional_ldm_v4_0178.nii.gz,/users/tdd540/Capstone_Project/evaluation_200/conditional_ldm_v4/conditional_ldm_v4_0178.nii.gz,/users/tdd540/Capstone_Project/downstream_cache/synthetic_lowres/conditional_ldm_v4/0178.npz,v2,2027
conditional_ldm_v4,0179,conditional_ldm_v4_0179.nii.gz,/users/tdd540/Capstone_Project/evaluation_200/conditional_ldm_v4/conditional_ldm_v4_0179.nii.gz,/users/tdd540/Capstone_Project/downstream_cache/synthetic_lowres/conditional_ldm_v4/0179.npz,v2,2027
conditional_ldm_v4,0180,conditional_ldm_v4_0180.nii.gz,/users/tdd540/Capstone_Project/evaluation_200/conditional_ldm_v4/conditional_ldm_v4_0180.nii.gz,/users/tdd540/Capstone_Project/downstream_cache/synthetic_lowres/conditional_ldm_v4/0180.npz,v2,2027
conditional_ldm_v4,0181,conditional_ldm_v4_0181.nii.gz,/users/tdd540/Capstone_Project/evaluation_200/conditional_ldm_v4/conditional_ldm_v4_0181.nii.gz,/users/tdd540/Capstone_Project/downstream_cache/synthetic_lowres/conditional_ldm_v4/0181.npz,v2,2027
conditional_ldm_v4,0182,conditional_ldm_v4_0182.nii.gz,/users/tdd540/Capstone_Project/evaluation_200/conditional_ldm_v4/conditional_ldm_v4_0182.nii.gz,/users/tdd540/Capstone_Project/downstream_cache/synthetic_lowres/conditional_ldm_v4/0182.npz,v2,2027
conditional_ldm_v4,0183,conditional_ldm_v4_0183.nii.gz,/users/tdd540/Capstone_Project/evaluation_200/conditional_ldm_v4/conditional_ldm_v4_0183.nii.gz,/users/tdd540/Capstone_Project/downstream_cache/synthetic_lowres/conditional_ldm_v4/0183.npz,v2,2027
conditional_ldm_v4,0184,conditional_ldm_v4_0184.nii.gz,/users/tdd540/Capstone_Project/evaluation_200/conditional_ldm_v4/conditional_ldm_v4_0184.nii.gz,/users/tdd540/Capstone_Project/downstream_cache/synthetic_lowres/conditional_ldm_v4/0184.npz,v2,2027
conditional_ldm_v4,0185,conditional_ldm_v4_0185.nii.gz,/users/tdd540/Capstone_Project/evaluation_200/conditional_ldm_v4/conditional_ldm_v4_0185.nii.gz,/users/tdd540/Capstone_Project/downstream_cache/synthetic_lowres/conditional_ldm_v4/0185.npz,v2,2027
conditional_ldm_v4,0186,conditional_ldm_v4_0186.nii.gz,/users/tdd540/Capstone_Project/evaluation_200/conditional_ldm_v4/conditional_ldm_v4_0186.nii.gz,/users/tdd540/Capstone_Project/downstream_cache/synthetic_lowres/conditional_ldm_v4/0186.npz,v2,2027
conditional_ldm_v4,0187,conditional_ldm_v4_0187.nii.gz,/users/tdd540/Capstone_Project/evaluation_200/conditional_ldm_v4/conditional_ldm_v4_0187.nii.gz,/users/tdd540/Capstone_Project/downstream_cache/synthetic_lowres/conditional_ldm_v4/0187.npz,v2,2027
conditional_ldm_v4,0188,conditional_ldm_v4_0188.nii.gz,/users/tdd540/Capstone_Project/evaluation_200/conditional_ldm_v4/conditional_ldm_v4_0188.nii.gz,/users/tdd540/Capstone_Project/downstream_cache/synthetic_lowres/conditional_ldm_v4/0188.npz,v2,2027
conditional_ldm_v4,0189,conditional_ldm_v4_0189.nii.gz,/users/tdd540/Capstone_Project/evaluation_200/conditional_ldm_v4/conditional_ldm_v4_0189.nii.gz,/users/tdd540/Capstone_Project/downstream_cache/synthetic_lowres/conditional_ldm_v4/0189.npz,v2,2027
conditional_ldm_v4,0190,conditional_ldm_v4_0190.nii.gz,/users/tdd540/Capstone_Project/evaluation_200/conditional_ldm_v4/conditional_ldm_v4_0190.nii.gz,/users/tdd540/Capstone_Project/downstream_cache/synthetic_lowres/conditional_ldm_v4/0190.npz,v2,2027
conditional_ldm_v4,0191,conditional_ldm_v4_0191.nii.gz,/users/tdd540/Capstone_Project/evaluation_200/conditional_ldm_v4/conditional_ldm_v4_0191.nii.gz,/users/tdd540/Capstone_Project/downstream_cache/synthetic_lowres/conditional_ldm_v4/0191.npz,v2,2027
conditional_ldm_v4,0192,conditional_ldm_v4_0192.nii.gz,/users/tdd540/Capstone_Project/evaluation_200/conditional_ldm_v4/conditional_ldm_v4_0192.nii.gz,/users/tdd540/Capstone_Project/downstream_cache/synthetic_lowres/conditional_ldm_v4/0192.npz,v2,2027
conditional_ldm_v4,0193,conditional_ldm_v4_0193.nii.gz,/users/tdd540/Capstone_Project/evaluation_200/conditional_ldm_v4/conditional_ldm_v4_0193.nii.gz,/users/tdd540/Capstone_Project/downstream_cache/synthetic_lowres/conditional_ldm_v4/0193.npz,v2,2027
conditional_ldm_v4,0194,conditional_ldm_v4_0194.nii.gz,/users/tdd540/Capstone_Project/evaluation_200/conditional_ldm_v4/conditional_ldm_v4_0194.nii.gz,/users/tdd540/Capstone_Project/downstream_cache/synthetic_lowres/conditional_ldm_v4/0194.npz,v2,2027
conditional_ldm_v4,0195,conditional_ldm_v4_0195.nii.gz,/users/tdd540/Capstone_Project/evaluation_200/conditional_ldm_v4/conditional_ldm_v4_0195.nii.gz,/users/tdd540/Capstone_Project/downstream_cache/synthetic_lowres/conditional_ldm_v4/0195.npz,v2,2027
conditional_ldm_v4,0196,conditional_ldm_v4_0196.nii.gz,/users/tdd540/Capstone_Project/evaluation_200/conditional_ldm_v4/conditional_ldm_v4_0196.nii.gz,/users/tdd540/Capstone_Project/downstream_cache/synthetic_lowres/conditional_ldm_v4/0196.npz,v2,2027
conditional_ldm_v4,0197,conditional_ldm_v4_0197.nii.gz,/users/tdd540/Capstone_Project/evaluation_200/conditional_ldm_v4/conditional_ldm_v4_0197.nii.gz,/users/tdd540/Capstone_Project/downstream_cache/synthetic_lowres/conditional_ldm_v4/0197.npz,v2,2027
conditional_ldm_v4,0198,conditional_ldm_v4_0198.nii.gz,/users/tdd540/Capstone_Project/evaluation_200/conditional_ldm_v4/conditional_ldm_v4_0198.nii.gz,/users/tdd540/Capstone_Project/downstream_cache/synthetic_lowres/conditional_ldm_v4/0198.npz,v2,2027
conditional_ldm_v4,0199,conditional_ldm_v4_0199.nii.gz,/users/tdd540/Capstone_Project/evaluation_200/conditional_ldm_v4/conditional_ldm_v4_0199.nii.gz,/users/tdd540/Capstone_Project/downstream_cache/synthetic_lowres/conditional_ldm_v4/0199.npz,v2,2027
